time_s,pos_m,setpoint_m,servo_deg
0.057,0.0,0.15,108.0
0.065,0.0,0.15,118.0
0.074,0.0,0.15,125.0
0.082,0.0,0.15,129.0
0.091,0.0,0.15,131.0
0.1,0.0,0.15,132.0
0.109,0.0,0.15,133.0
0.117,0.0,0.15,134.0
0.126,0.0,0.15,134.0
0.135,0.0,0.15,134.0
0.144,0.0,0.15,134.0
0.152,0.0,0.15,134.0
0.161,0.0,0.15,134.0
0.169,0.0,0.15,134.0
0.179,0.0,0.15,134.0
0.188,0.0,0.15,134.0
0.196,0.0,0.15,134.0
0.205,0.0,0.15,134.0
0.213,0.0,0.15,134.0
0.222,0.0,0.15,134.0
0.231,0.0,0.15,134.0
0.24,0.0,0.15,134.0
0.249,0.0,0.15,134.0
0.257,0.0,0.15,134.0
0.266,0.0,0.15,134.0
0.275,0.0,0.15,134.0
0.284,0.0,0.15,134.0
0.293,0.0,0.15,134.0
0.301,0.0,0.15,134.0
0.309,0.0698,0.15,134.0
0.317,0.0698,0.15,98.0
0.326,0.0698,0.15,78.0
0.335,0.0698,0.15,65.0
0.343,0.0698,0.15,86.0
0.352,0.0698,0.15,97.0
0.361,0.0698,0.15,105.0
0.37,0.0698,0.15,109.0
0.379,0.0698,0.15,112.0
0.388,0.0698,0.15,114.0
0.396,0.0698,0.15,115.0
0.405,0.0698,0.15,116.0
0.413,0.0698,0.15,116.0
0.423,0.0698,0.15,116.0
0.431,0.0698,0.15,116.0
0.44,0.0698,0.15,116.0
0.449,0.0698,0.15,117.0
0.458,0.0698,0.15,117.0
0.467,0.0698,0.15,117.0
0.476,0.0698,0.15,117.0
0.484,0.0698,0.15,117.0
0.493,0.0698,0.15,117.0
0.502,0.0698,0.15,117.0
0.511,0.0698,0.15,117.0
0.519,0.0698,0.15,117.0
0.528,0.0698,0.15,117.0
0.537,0.0698,0.15,117.0
0.546,0.0698,0.15,117.0
0.555,0.0698,0.15,117.0
0.563,0.1016,0.15,117.0
0.572,0.1016,0.15,117.0
0.581,0.1016,0.15,89.0
0.59,0.1016,0.15,72.0
0.598,0.1016,0.15,61.0
0.607,0.1016,0.15,80.0
0.616,0.1016,0.15,91.0
0.624,0.1016,0.15,98.0
0.633,0.1016,0.15,102.0
0.643,0.1016,0.15,104.0
0.651,0.1016,0.15,106.0
0.66,0.1016,0.15,107.0
0.668,0.1016,0.15,107.0
0.677,0.1016,0.15,108.0
0.685,0.1228,0.15,83.0
0.693,0.1787,0.15,68.0
0.701,0.1789,0.15,59.0
0.709,0.2202,0.15,54.0
0.717,0.2088,0.15,50.0
0.726,0.2088,0.15,48.0
0.735,0.2088,0.15,83.0
0.743,0.2088,0.15,103.0
0.753,0.2088,0.15,116.0
0.761,0.2088,0.15,100.0
0.77,0.2088,0.15,90.0
0.778,0.2072,0.15,85.0
0.785,0.1789,0.15,104.0
0.793,0.1491,0.15,104.0
0.8,0.1564,0.15,116.0
0.81,0.1564,0.15,124.0
0.817,0.1542,0.15,124.0
0.82,0.1285,0.15,128.0
0.823,0.1115,0.15,131.0
0.827,0.0995,0.15,132.0
0.83,0.0927,0.15,133.0
0.84,0.0927,0.15,134.0
0.846,0.0982,0.15,134.0
0.85,0.0955,0.15,134.0
0.853,0.0878,0.15,134.0
0.857,0.0941,0.15,134.0
0.862,0.1037,0.15,134.0
0.865,0.0958,0.15,134.0
0.869,0.0862,0.15,134.0
0.872,0.0778,0.15,134.0
0.875,0.0703,0.15,134.0
0.878,0.0656,0.15,134.0
0.882,0.0682,0.15,134.0
0.886,0.071,0.15,134.0
0.889,0.0716,0.15,134.0
0.893,0.0715,0.15,134.0
0.899,0.0708,0.15,125.0
0.904,0.0677,0.15,119.0
0.907,0.0629,0.15,116.0
0.91,0.0594,0.15,114.0
0.913,0.0562,0.15,113.0
0.917,0.0538,0.15,112.0
0.92,0.0547,0.15,121.0
0.924,0.0603,0.15,126.0
0.927,0.0635,0.15,130.0
0.93,0.061,0.15,132.0
0.933,0.0581,0.15,133.0
0.936,0.0459,0.15,133.0
0.939,0.0374,0.15,134.0
0.941,0.0306,0.15,134.0
0.944,0.0254,0.15,134.0
0.947,0.023,0.15,134.0
0.949,0.0196,0.15,134.0
0.952,0.0177,0.15,134.0
0.955,0.0257,0.15,134.0
0.958,0.0336,0.15,134.0
0.962,0.0397,0.15,98.0
0.965,0.0443,0.15,78.0
0.968,0.0462,0.15,65.0
0.971,0.0454,0.15,57.0
0.974,0.0426,0.15,52.0
0.977,0.0415,0.15,50.0
0.98,0.0443,0.15,48.0
0.983,0.0462,0.15,47.0
0.987,0.048,0.15,47.0
0.99,0.0489,0.15,46.0
0.993,0.0489,0.15,46.0
0.996,0.05,0.15,46.0
0.999,0.0499,0.15,46.0
1.002,0.0477,0.15,46.0
1.005,0.0426,0.15,82.0
1.008,0.0355,0.15,102.0
1.01,0.0296,0.15,115.0
1.013,0.025,0.15,123.0
1.015,0.0215,0.15,128.0
1.019,0.0265,0.15,130.0
1.022,0.0277,0.15,132.0
1.025,0.0306,0.15,133.0
1.027,0.0264,0.15,134.0
1.03,0.0292,0.15,134.0
1.033,0.0296,0.15,134.0
1.035,0.0296,0.15,134.0
1.038,0.031,0.15,134.0
1.041,0.0326,0.15,134.0
1.044,0.0338,0.15,134.0
1.047,0.0331,0.15,99.0
1.05,0.0323,0.15,79.0
1.053,0.0333,0.15,67.0
1.056,0.0326,0.15,59.0
1.058,0.0301,0.15,54.0
1.061,0.0317,0.15,52.0
1.064,0.0327,0.15,50.0
1.067,0.0332,0.15,49.0
1.07,0.035,0.15,72.0
1.073,0.0367,0.15,86.0
1.076,0.0381,0.15,93.0
1.079,0.0391,0.15,98.0
1.082,0.0401,0.15,101.0
1.085,0.0416,0.15,103.0
1.089,0.0447,0.15,104.0
1.092,0.0505,0.15,81.0
1.095,0.0545,0.15,67.0
1.098,0.0545,0.15,58.0
1.102,0.0523,0.15,53.0
1.105,0.0517,0.15,50.0
1.108,0.0526,0.15,48.0
1.111,0.0512,0.15,47.0
1.115,0.0501,0.15,81.0
1.117,0.0505,0.15,100.0
1.121,0.0496,0.15,112.0
1.124,0.0489,0.15,119.0
1.127,0.0496,0.15,124.0
1.13,0.0508,0.15,126.0
1.134,0.0507,0.15,123.0
1.136,0.0481,0.15,121.0
1.14,0.0459,0.15,120.0
1.143,0.0449,0.15,119.0
1.146,0.0444,0.15,119.0
1.148,0.0438,0.15,119.0
1.152,0.0434,0.15,118.0
1.155,0.0431,0.15,125.0
1.158,0.0428,0.15,129.0
1.161,0.0422,0.15,131.0
1.164,0.0412,0.15,132.0
1.167,0.0414,0.15,133.0
1.17,0.0415,0.15,134.0
1.173,0.0417,0.15,134.0
1.176,0.042,0.15,134.0
1.179,0.0423,0.15,134.0
1.182,0.0413,0.15,134.0
1.185,0.0411,0.15,134.0
1.189,0.0416,0.15,134.0
1.191,0.042,0.15,134.0
1.194,0.0433,0.15,134.0
1.198,0.0424,0.15,130.0
1.2,0.0426,0.15,127.0
1.204,0.0428,0.15,125.0
1.206,0.0428,0.15,124.0
1.21,0.0429,0.15,124.0
1.213,0.0439,0.15,123.0
1.216,0.0446,0.15,123.0
1.219,0.0452,0.15,111.0
1.222,0.0456,0.15,104.0
1.226,0.0471,0.15,100.0
1.228,0.047,0.15,97.0
1.232,0.0479,0.15,96.0
1.235,0.0495,0.15,95.0
1.238,0.0486,0.15,94.0
1.241,0.0482,0.15,92.0
1.244,0.0491,0.15,91.0
1.248,0.0504,0.15,90.0
1.251,0.0494,0.15,90.0
1.254,0.0488,0.15,90.0
1.257,0.0471,0.15,90.0
1.259,0.0468,0.15,90.0
1.263,0.0471,0.15,107.0
1.266,0.0458,0.15,118.0
1.269,0.0451,0.15,125.0
1.272,0.0445,0.15,129.0
1.275,0.0442,0.15,131.0
1.278,0.0436,0.15,132.0
1.281,0.0432,0.15,133.0
1.284,0.043,0.15,134.0
1.287,0.0428,0.15,134.0
1.29,0.0426,0.15,134.0
1.293,0.0427,0.15,134.0
1.296,0.0419,0.15,134.0
1.299,0.0421,0.15,134.0
1.302,0.0414,0.15,134.0
1.305,0.0409,0.15,134.0
1.308,0.0405,0.15,134.0
1.311,0.0402,0.15,134.0
1.314,0.0411,0.15,134.0
1.317,0.0407,0.15,134.0
1.32,0.0401,0.15,134.0
1.323,0.0399,0.15,134.0
1.326,0.0395,0.15,134.0
1.329,0.0392,0.15,134.0
1.332,0.0393,0.15,134.0
1.335,0.0392,0.15,134.0
1.338,0.0392,0.15,134.0
1.341,0.0393,0.15,134.0
1.344,0.0386,0.15,134.0
1.347,0.0399,0.15,131.0
1.35,0.0398,0.15,128.0
1.353,0.0401,0.15,127.0
1.356,0.0404,0.15,126.0
1.359,0.0401,0.15,125.0
1.362,0.04,0.15,125.0
1.365,0.0403,0.15,125.0
1.368,0.0398,0.15,128.0
1.371,0.0394,0.15,130.0
1.374,0.0394,0.15,131.0
1.377,0.0391,0.15,131.0
1.38,0.0389,0.15,132.0
1.383,0.0391,0.15,132.0
1.386,0.0391,0.15,132.0
1.389,0.0382,0.15,133.0
1.392,0.0385,0.15,134.0
1.395,0.0378,0.15,134.0
1.398,0.0381,0.15,134.0
1.401,0.0386,0.15,134.0
1.404,0.0386,0.15,134.0
1.407,0.0386,0.15,134.0
1.41,0.0388,0.15,130.0
1.413,0.0389,0.15,128.0
1.416,0.0391,0.15,126.0
1.419,0.0389,0.15,125.0
1.422,0.0387,0.15,125.0
1.425,0.0401,0.15,125.0
1.428,0.0399,0.15,124.0
1.431,0.0398,0.15,122.0
1.434,0.0408,0.15,120.0
1.437,0.0406,0.15,120.0
1.44,0.0403,0.15,119.0
1.443,0.0399,0.15,119.0
1.446,0.04,0.15,119.0
1.449,0.04,0.15,118.0
1.452,0.0399,0.15,123.0
1.455,0.0398,0.15,126.0
1.458,0.0401,0.15,128.0
1.462,0.042,0.15,129.0
1.465,0.0404,0.15,129.0
1.467,0.0413,0.15,129.0
1.471,0.042,0.15,130.0
1.474,0.0437,0.15,111.0
1.477,0.0428,0.15,99.0
1.48,0.0431,0.15,92.0
1.483,0.0433,0.15,89.0
1.486,0.0435,0.15,87.0
1.489,0.0458,0.15,85.0
1.493,0.0465,0.15,85.0
1.495,0.047,0.15,86.0
1.499,0.0474,0.15,87.0
1.502,0.0475,0.15,88.0
1.505,0.0475,0.15,88.0
1.508,0.0476,0.15,89.0
1.511,0.0484,0.15,89.0
1.514,0.0503,0.15,89.0
1.518,0.0532,0.15,89.0
1.521,0.0554,0.15,89.0
1.527,0.0563,0.15,89.0
1.536,0.0563,0.15,75.0
1.544,0.0563,0.15,66.0
1.553,0.0563,0.15,61.0
1.561,0.0563,0.15,88.0
1.569,0.0558,0.15,103.0
1.572,0.0571,0.15,113.0
1.576,0.0583,0.15,118.0
1.579,0.058,0.15,122.0
1.583,0.0577,0.15,117.0
1.586,0.0569,0.15,113.0
1.589,0.0556,0.15,111.0
1.592,0.0544,0.15,110.0
1.595,0.0534,0.15,110.0
1.599,0.0524,0.15,109.0
1.602,0.0529,0.15,119.0
1.605,0.0533,0.15,125.0
1.608,0.0516,0.15,129.0
1.611,0.0526,0.15,131.0
1.615,0.0523,0.15,133.0
1.618,0.0521,0.15,133.0
1.621,0.052,0.15,134.0
1.624,0.0538,0.15,127.0
1.628,0.0554,0.15,123.0
1.632,0.0575,0.15,121.0
1.639,0.0596,0.15,120.0
1.642,0.0585,0.15,119.0
1.645,0.0568,0.15,107.0
1.648,0.0534,0.15,100.0
1.651,0.0508,0.15,96.0
1.654,0.0489,0.15,94.0
1.657,0.0457,0.15,92.0
1.66,0.0441,0.15,91.0
1.663,0.042,0.15,91.0
1.666,0.0406,0.15,108.0
1.669,0.0392,0.15,119.0
1.672,0.0391,0.15,125.0
1.675,0.0371,0.15,129.0
1.678,0.0368,0.15,131.0
1.681,0.0358,0.15,132.0
1.683,0.0351,0.15,133.0
1.686,0.0342,0.15,134.0
1.689,0.0345,0.15,134.0
1.693,0.0348,0.15,134.0
1.695,0.0352,0.15,134.0
1.699,0.0365,0.15,134.0
1.701,0.0374,0.15,134.0
1.704,0.0381,0.15,134.0
1.708,0.0408,0.15,101.0
1.711,0.0461,0.15,82.0
1.717,0.047,0.15,70.0
1.722,0.0486,0.15,62.0
1.726,0.0642,0.15,58.0
1.73,0.0755,0.15,53.0
1.734,0.0808,0.15,50.0
1.738,0.0859,0.15,48.0
1.742,0.0879,0.15,47.0
1.746,0.0885,0.15,46.0
1.749,0.0865,0.15,46.0
1.753,0.0844,0.15,46.0
1.757,0.0822,0.15,46.0
1.76,0.0802,0.15,46.0
1.764,0.0768,0.15,46.0
1.767,0.0761,0.15,46.0
1.771,0.0747,0.15,46.0
1.774,0.0734,0.15,82.0
1.778,0.0717,0.15,102.0
1.781,0.0723,0.15,115.0
1.785,0.0709,0.15,123.0
1.788,0.0707,0.15,128.0
1.792,0.0706,0.15,130.0
1.795,0.0657,0.15,132.0
1.798,0.0628,0.15,133.0
1.802,0.0616,0.15,134.0
1.805,0.0577,0.15,134.0
1.808,0.0547,0.15,134.0
1.811,0.0516,0.15,134.0
1.813,0.0473,0.15,134.0
1.817,0.046,0.15,134.0
1.82,0.045,0.15,134.0
1.823,0.0424,0.15,134.0
1.826,0.0417,0.15,134.0
1.829,0.04,0.15,134.0
1.831,0.0396,0.15,134.0
1.834,0.0374,0.15,134.0
1.837,0.0369,0.15,134.0
1.84,0.0363,0.15,134.0
1.843,0.0364,0.15,134.0
1.846,0.0362,0.15,134.0
1.849,0.037,0.15,134.0
1.852,0.0376,0.15,134.0
1.855,0.0371,0.15,134.0
1.858,0.0366,0.15,134.0
1.861,0.0364,0.15,134.0
1.864,0.037,0.15,134.0
1.866,0.0367,0.15,134.0
1.869,0.0364,0.15,134.0
1.872,0.0376,0.15,135.0
1.875,0.0385,0.15,135.0
1.878,0.0392,0.15,122.0
1.882,0.0401,0.15,114.0
1.885,0.0408,0.15,109.0
1.888,0.0419,0.15,106.0
1.891,0.0422,0.15,105.0
1.894,0.0436,0.15,104.0
1.897,0.0449,0.15,103.0
1.9,0.0458,0.15,83.0
1.903,0.0466,0.15,70.0
1.907,0.0523,0.15,62.0
1.91,0.0566,0.15,58.0
1.918,0.0647,0.15,55.0
1.925,0.0761,0.15,51.0
1.929,0.0834,0.15,49.0
1.933,0.0858,0.15,48.0
1.937,0.0866,0.15,47.0
1.941,0.0866,0.15,46.0
1.944,0.0858,0.15,46.0
1.948,0.0848,0.15,46.0
1.952,0.0855,0.15,46.0
1.956,0.0847,0.15,46.0
1.959,0.0835,0.15,46.0
1.962,0.0792,0.15,46.0
1.966,0.0729,0.15,82.0
1.969,0.0664,0.15,102.0
1.972,0.0636,0.15,115.0
1.975,0.0585,0.15,123.0
1.978,0.0558,0.15,128.0
1.981,0.0529,0.15,130.0
1.985,0.0502,0.15,132.0
1.988,0.0484,0.15,133.0
1.991,0.0473,0.15,134.0
1.994,0.0476,0.15,134.0
1.997,0.0481,0.15,134.0
2.0,0.0471,0.15,134.0
2.003,0.0494,0.15,134.0
2.007,0.0504,0.15,134.0
2.01,0.053,0.15,110.0
2.014,0.055,0.15,96.0
2.017,0.0567,0.15,88.0
2.02,0.0604,0.15,83.0
2.023,0.0488,0.15,79.0
2.026,0.0396,0.15,78.0
2.03,0.0475,0.15,100.0
2.032,0.0384,0.15,114.0
2.036,0.0438,0.15,122.0
2.038,0.0358,0.15,127.0
2.041,0.0301,0.15,130.0
2.044,0.0251,0.15,132.0
2.048,0.0366,0.15,133.0
2.051,0.0406,0.15,134.0
2.054,0.0431,0.15,134.0
2.058,0.0483,0.15,134.0
2.061,0.0479,0.15,134.0
2.064,0.0486,0.15,134.0
2.067,0.0482,0.15,134.0
2.07,0.0478,0.15,98.0
2.073,0.0478,0.15,78.0
2.077,0.0466,0.15,65.0
2.08,0.0469,0.15,57.0
2.082,0.0472,0.15,52.0
2.086,0.0464,0.15,50.0
2.088,0.047,0.15,48.0
2.092,0.0451,0.15,83.0
2.095,0.0458,0.15,103.0
2.098,0.0453,0.15,116.0
2.101,0.045,0.15,123.0
2.104,0.0447,0.15,128.0
2.108,0.0457,0.15,130.0
2.11,0.0465,0.15,132.0
2.114,0.0461,0.15,128.0
2.116,0.0371,0.15,125.0
2.119,0.0329,0.15,124.0
2.122,0.0274,0.15,123.0
2.124,0.0233,0.15,122.0
2.127,0.0205,0.15,122.0
2.13,0.0181,0.15,122.0
2.132,0.0161,0.15,122.0
2.135,0.0143,0.15,127.0
2.138,0.0135,0.15,130.0
2.14,0.0124,0.15,132.0
2.143,0.0121,0.15,133.0
2.146,0.012,0.15,133.0
2.149,0.012,0.15,134.0
2.151,0.0116,0.15,134.0
2.154,0.011,0.15,134.0
2.157,0.0114,0.15,134.0
2.159,0.0111,0.15,134.0
2.161,0.0108,0.15,134.0
2.164,0.0106,0.15,134.0
2.167,0.0102,0.15,134.0
2.169,0.0104,0.15,134.0
2.172,0.0101,0.15,134.0
2.175,0.0099,0.15,134.0
2.178,0.0181,0.15,134.0
2.182,0.0173,0.15,134.0
2.183,0.0155,0.15,134.0
2.186,0.0141,0.15,134.0
2.188,0.0131,0.15,134.0
2.191,0.0196,0.15,134.0
2.194,0.0242,0.15,134.0
2.198,0.0278,0.15,98.0
2.201,0.0307,0.15,78.0
2.204,0.0328,0.15,65.0
2.207,0.0347,0.15,57.0
2.209,0.0359,0.15,52.0
2.213,0.0367,0.15,50.0
2.215,0.0371,0.15,48.0
2.219,0.0377,0.15,47.0
2.221,0.039,0.15,46.0
2.224,0.04,0.15,46.0
2.227,0.0407,0.15,46.0
2.23,0.0415,0.15,46.0
2.233,0.0422,0.15,46.0
2.236,0.0426,0.15,46.0
2.239,0.042,0.15,61.0
2.242,0.0427,0.15,70.0
2.245,0.0351,0.15,75.0
2.247,0.0288,0.15,79.0
2.25,0.0248,0.15,81.0
2.253,0.0214,0.15,82.0
2.256,0.0183,0.15,82.0
2.258,0.016,0.15,83.0
2.261,0.0143,0.15,103.0
2.263,0.013,0.15,116.0
2.266,0.0125,0.15,123.0
2.269,0.0117,0.15,128.0
2.271,0.0115,0.15,130.0
2.274,0.0112,0.15,132.0
2.276,0.0107,0.15,133.0
2.279,0.0108,0.15,134.0
2.282,0.0104,0.15,134.0
2.284,0.0103,0.15,134.0
2.287,0.0102,0.15,134.0
2.291,0.0101,0.15,134.0
2.292,0.0101,0.15,134.0
2.295,0.0174,0.15,134.0
2.298,0.0231,0.15,134.0
2.301,0.0261,0.15,134.0
2.304,0.0293,0.15,98.0
2.307,0.0318,0.15,78.0
2.31,0.0348,0.15,65.0
2.313,0.0371,0.15,57.0
2.316,0.0389,0.15,52.0
2.319,0.0402,0.15,50.0
2.322,0.0402,0.15,48.0
2.325,0.0331,0.15,66.0
2.328,0.0274,0.15,77.0
2.33,0.0235,0.15,84.0
2.333,0.0204,0.15,88.0
2.335,0.0181,0.15,90.0
2.338,0.0163,0.15,91.0
2.34,0.0154,0.15,92.0
2.343,0.0139,0.15,92.0
2.346,0.0131,0.15,109.0
2.349,0.0121,0.15,119.0
2.351,0.0116,0.15,125.0
2.354,0.0112,0.15,129.0
2.356,0.0107,0.15,131.0
2.36,0.0108,0.15,133.0
2.362,0.0104,0.15,133.0
2.365,0.0103,0.15,134.0
2.367,0.0102,0.15,134.0
2.37,0.0173,0.15,134.0
2.373,0.0238,0.15,134.0
2.376,0.0286,0.15,134.0
2.379,0.0322,0.15,134.0
2.382,0.0339,0.15,134.0
2.385,0.0356,0.15,134.0
2.388,0.0377,0.15,98.0
2.391,0.04,0.15,78.0
2.394,0.0421,0.15,65.0
2.397,0.0445,0.15,57.0
2.4,0.0356,0.15,52.0
2.403,0.0297,0.15,50.0
2.405,0.025,0.15,48.0
2.408,0.0215,0.15,83.0
2.411,0.0189,0.15,103.0
2.413,0.0167,0.15,116.0
2.417,0.015,0.15,123.0
2.419,0.0136,0.15,128.0
2.422,0.0127,0.15,130.0
2.424,0.012,0.15,132.0
2.427,0.0113,0.15,133.0
2.43,0.011,0.15,134.0
2.432,0.0115,0.15,134.0
2.435,0.0109,0.15,134.0
2.438,0.0116,0.15,134.0
2.441,0.0205,0.15,134.0
2.444,0.0249,0.15,134.0
2.446,0.0221,0.15,134.0
2.449,0.0283,0.15,134.0
2.453,0.033,0.15,98.0
2.456,0.0374,0.15,78.0
2.459,0.0393,0.15,65.0
2.462,0.0421,0.15,57.0
2.465,0.0432,0.15,52.0
2.468,0.0441,0.15,50.0
2.471,0.0448,0.15,48.0
2.475,0.0453,0.15,47.0
2.478,0.0459,0.15,46.0
2.481,0.0473,0.15,46.0
2.483,0.0387,0.15,46.0
2.486,0.0313,0.15,46.0
2.489,0.0276,0.15,46.0
2.491,0.024,0.15,46.0
2.494,0.0214,0.15,82.0
2.497,0.0188,0.15,102.0
2.5,0.0167,0.15,115.0
2.502,0.0155,0.15,123.0
2.505,0.0157,0.15,128.0
2.508,0.0143,0.15,130.0
2.51,0.013,0.15,132.0
2.514,0.0234,0.15,133.0
2.516,0.0198,0.15,134.0
2.519,0.0176,0.15,134.0
2.522,0.028,0.15,134.0
2.525,0.0342,0.15,134.0
2.529,0.0392,0.15,134.0
2.532,0.043,0.15,134.0
2.535,0.045,0.15,134.0
2.538,0.0467,0.15,98.0
2.542,0.0488,0.15,78.0
2.545,0.0501,0.15,65.0
2.548,0.0514,0.15,57.0
2.551,0.0519,0.15,52.0
2.554,0.0518,0.15,50.0
2.558,0.0527,0.15,48.0
2.561,0.0536,0.15,49.0
2.564,0.0539,0.15,49.0
2.568,0.0535,0.15,50.0
2.57,0.0424,0.15,50.0
2.573,0.0461,0.15,50.0
2.577,0.0499,0.15,50.0
2.579,0.0402,0.15,50.0
2.582,0.0437,0.15,84.0
2.585,0.0365,0.15,104.0
2.588,0.0305,0.15,116.0
2.592,0.0393,0.15,123.0
2.594,0.0317,0.15,128.0
2.597,0.0266,0.15,131.0
2.6,0.0357,0.15,132.0
2.604,0.0428,0.15,133.0
2.607,0.0469,0.15,134.0
2.611,0.0518,0.15,134.0
2.614,0.0546,0.15,134.0
2.617,0.056,0.15,134.0
2.621,0.0569,0.15,134.0
2.624,0.0575,0.15,98.0
2.628,0.0579,0.15,78.0
2.631,0.0575,0.15,65.0
2.634,0.0572,0.15,57.0
2.637,0.0567,0.15,52.0
2.64,0.0564,0.15,50.0
2.644,0.0569,0.15,48.0
2.647,0.0579,0.15,81.0
2.65,0.0587,0.15,101.0
2.654,0.059,0.15,113.0
2.657,0.0595,0.15,120.0
2.661,0.0598,0.15,124.0
2.664,0.0603,0.15,127.0
2.668,0.0617,0.15,111.0
2.672,0.0624,0.15,101.0
2.675,0.0644,0.15,95.0
2.678,0.0659,0.15,92.0
2.682,0.0668,0.15,90.0
2.685,0.0672,0.15,90.0
2.689,0.0683,0.15,74.0
2.692,0.069,0.15,65.0
2.696,0.0694,0.15,59.0
2.7,0.0699,0.15,56.0
2.703,0.0702,0.15,54.0
2.706,0.0696,0.15,52.0
2.71,0.0702,0.15,75.0
2.714,0.0705,0.15,89.0
2.717,0.0693,0.15,96.0
2.721,0.0698,0.15,101.0
2.724,0.0686,0.15,103.0
2.727,0.0676,0.15,105.0
2.731,0.0675,0.15,117.0
2.735,0.0671,0.15,124.0
2.738,0.0663,0.15,128.0
2.741,0.0656,0.15,131.0
2.745,0.0648,0.15,132.0
2.749,0.0645,0.15,133.0
2.752,0.0646,0.15,134.0
2.755,0.0645,0.15,134.0
2.758,0.0646,0.15,134.0
2.762,0.0651,0.15,134.0
2.766,0.065,0.15,134.0
2.769,0.0658,0.15,134.0
2.773,0.0667,0.15,123.0
2.776,0.0672,0.15,117.0
2.78,0.0678,0.15,113.0
2.783,0.0686,0.15,110.0
2.787,0.0681,0.15,109.0
2.79,0.0682,0.15,108.0
2.794,0.0676,0.15,114.0
2.797,0.0683,0.15,117.0
2.801,0.0686,0.15,119.0
2.805,0.069,0.15,120.0
2.808,0.0701,0.15,121.0
2.812,0.0711,0.15,122.0
2.815,0.0709,0.15,110.0
2.819,0.0715,0.15,102.0
2.822,0.0715,0.15,98.0
2.826,0.0731,0.15,95.0
2.83,0.0736,0.15,94.0
2.833,0.0747,0.15,93.0
2.837,0.0757,0.15,85.0
2.841,0.0753,0.15,79.0
2.844,0.0774,0.15,76.0
2.848,0.0775,0.15,74.0
2.852,0.0791,0.15,73.0
2.855,0.0793,0.15,72.0
2.859,0.0791,0.15,79.0
2.863,0.0793,0.15,83.0
2.866,0.0792,0.15,85.0
2.87,0.0794,0.15,87.0
2.874,0.0793,0.15,88.0
2.877,0.0803,0.15,88.0
2.881,0.0793,0.15,104.0
2.884,0.0788,0.15,114.0
2.889,0.0781,0.15,119.0
2.892,0.0785,0.15,123.0
2.896,0.0788,0.15,125.0
2.899,0.0784,0.15,126.0
2.903,0.0777,0.15,130.0
2.907,0.0758,0.15,132.0
2.91,0.0739,0.15,133.0
2.914,0.073,0.15,133.0
2.917,0.0728,0.15,134.0
2.921,0.0729,0.15,134.0
2.924,0.0727,0.15,134.0
2.928,0.0728,0.15,134.0
2.931,0.0727,0.15,134.0
2.935,0.0725,0.15,134.0
2.939,0.0727,0.15,134.0
2.942,0.0718,0.15,134.0
2.946,0.0722,0.15,134.0
2.949,0.0714,0.15,134.0
2.953,0.0719,0.15,134.0
2.956,0.072,0.15,134.0
2.96,0.0724,0.15,134.0
2.963,0.0725,0.15,134.0
2.967,0.072,0.15,134.0
2.971,0.0723,0.15,134.0
2.974,0.0723,0.15,134.0
2.978,0.0726,0.15,134.0
2.981,0.0722,0.15,134.0
2.985,0.0725,0.15,134.0
2.989,0.0725,0.15,132.0
2.992,0.0729,0.15,130.0
2.996,0.0724,0.15,129.0
2.999,0.0717,0.15,128.0
3.003,0.0711,0.15,128.0
3.006,0.0707,0.15,128.0
3.01,0.0715,0.15,130.0
3.013,0.0722,0.15,132.0
3.017,0.0715,0.15,133.0
3.021,0.0722,0.15,134.0
3.024,0.0727,0.15,134.0
3.028,0.0722,0.15,134.0
3.032,0.0734,0.15,124.0
3.035,0.0736,0.15,118.0
3.039,0.074,0.15,115.0
3.042,0.0727,0.15,113.0
3.046,0.0724,0.15,112.0
3.05,0.0727,0.15,111.0
3.054,0.074,0.15,117.0
3.057,0.0748,0.15,120.0
3.061,0.0753,0.15,122.0
3.065,0.0744,0.15,124.0
3.068,0.0743,0.15,124.0
3.071,0.0755,0.15,125.0
3.076,0.0756,0.15,120.0
3.079,0.0773,0.15,117.0
3.083,0.0786,0.15,115.0
3.087,0.0791,0.15,114.0
3.09,0.079,0.15,114.0
3.094,0.0811,0.15,113.0
3.098,0.0825,0.15,87.0
3.102,0.0835,0.15,70.0
3.105,0.085,0.15,60.0
3.11,0.0868,0.15,54.0
3.113,0.0878,0.15,51.0
3.117,0.0886,0.15,49.0
3.121,0.0885,0.15,51.0
3.125,0.0885,0.15,52.0
3.129,0.0894,0.15,53.0
3.133,0.0901,0.15,53.0
3.137,0.0887,0.15,54.0
3.14,0.0886,0.15,84.0
3.144,0.0879,0.15,101.0
3.148,0.0871,0.15,112.0
3.152,0.0847,0.15,118.0
3.156,0.0846,0.15,122.0
3.159,0.083,0.15,125.0
3.163,0.0827,0.15,129.0
3.167,0.0822,0.15,131.0
3.17,0.0818,0.15,132.0
3.174,0.0812,0.15,133.0
3.178,0.0811,0.15,134.0
3.182,0.0813,0.15,134.0
3.186,0.0826,0.15,134.0
3.189,0.0833,0.15,134.0
3.193,0.085,0.15,134.0
3.197,0.0866,0.15,134.0
3.2,0.0877,0.15,134.0
3.205,0.0883,0.15,98.0
3.209,0.09,0.15,78.0
3.212,0.0912,0.15,65.0
3.217,0.0942,0.15,57.0
3.221,0.0956,0.15,52.0
3.225,0.0968,0.15,50.0
3.229,0.0997,0.15,48.0
3.233,0.1008,0.15,47.0
3.237,0.1017,0.15,46.0
3.241,0.1023,0.15,46.0
3.246,0.1012,0.15,56.0
3.25,0.1011,0.15,62.0
3.254,0.1009,0.15,66.0
3.258,0.0999,0.15,68.0
3.262,0.0994,0.15,70.0
3.266,0.0983,0.15,95.0
3.27,0.0966,0.15,111.0
3.273,0.0959,0.15,120.0
3.277,0.0952,0.15,126.0
3.282,0.0938,0.15,129.0
3.285,0.0922,0.15,131.0
3.289,0.0917,0.15,133.0
3.293,0.0914,0.15,133.0
3.297,0.0908,0.15,134.0
3.301,0.0916,0.15,134.0
3.305,0.0922,0.15,134.0
3.309,0.0959,0.15,113.0
3.313,0.0987,0.15,100.0
3.318,0.1041,0.15,93.0
3.322,0.1063,0.15,89.0
3.327,0.1132,0.15,86.0
3.332,0.1183,0.15,70.0
3.339,0.1169,0.15,60.0
3.347,0.1169,0.15,54.0
3.354,0.1151,0.15,87.0
3.362,0.1126,0.15,105.0
3.368,0.1119,0.15,117.0
3.374,0.1105,0.15,124.0
3.381,0.1103,0.15,128.0
3.389,0.1082,0.15,131.0
3.393,0.107,0.15,132.0
3.401,0.1058,0.15,133.0
3.408,0.106,0.15,134.0
3.416,0.1119,0.15,134.0
3.423,0.1139,0.15,98.0
3.431,0.1169,0.15,78.0
3.44,0.1169,0.15,65.0
3.448,0.1169,0.15,73.0
3.457,0.1169,0.15,78.0
3.465,0.1169,0.15,81.0
3.474,0.1169,0.15,97.0
3.483,0.1169,0.15,107.0
3.492,0.1169,0.15,113.0
3.501,0.1169,0.15,116.0
3.51,0.1169,0.15,118.0
3.518,0.1169,0.15,120.0
3.527,0.1169,0.15,121.0
3.536,0.1169,0.15,121.0
3.544,0.1169,0.15,121.0
3.553,0.1169,0.15,121.0
3.562,0.1169,0.15,122.0
3.571,0.1169,0.15,122.0
3.58,0.1169,0.15,122.0
3.588,0.1169,0.15,122.0
3.597,0.1169,0.15,122.0
3.606,0.1169,0.15,122.0
3.615,0.1169,0.15,122.0
3.623,0.1169,0.15,122.0
3.632,0.1169,0.15,122.0
3.641,0.1169,0.15,122.0
3.649,0.1169,0.15,122.0
3.658,0.1169,0.15,122.0
3.667,0.1169,0.15,122.0
3.675,0.1169,0.15,122.0
3.684,0.1169,0.15,122.0
3.693,0.1169,0.15,122.0
3.702,0.1169,0.15,122.0
3.71,0.1169,0.15,122.0
3.719,0.1169,0.15,122.0
3.728,0.1169,0.15,122.0
3.736,0.1169,0.15,122.0
3.746,0.1169,0.15,122.0
3.754,0.1169,0.15,122.0
3.763,0.1169,0.15,122.0
3.772,0.1169,0.15,122.0
3.78,0.1169,0.15,122.0
3.789,0.1169,0.15,122.0
3.797,0.1169,0.15,122.0
3.806,0.1169,0.15,122.0
3.815,0.1169,0.15,122.0
3.824,0.1169,0.15,122.0
3.833,0.1169,0.15,122.0
3.841,0.1169,0.15,122.0
3.85,0.1169,0.15,122.0
3.859,0.1169,0.15,122.0
3.868,0.1169,0.15,122.0
3.876,0.1169,0.15,122.0
3.885,0.1169,0.15,122.0
3.893,0.1169,0.15,122.0
3.902,0.1169,0.15,122.0
3.911,0.1169,0.15,122.0
3.92,0.1169,0.15,122.0
3.929,0.1169,0.15,122.0
3.937,0.1169,0.15,123.0
3.946,0.1169,0.15,123.0
3.955,0.1169,0.15,123.0
3.963,0.1169,0.15,123.0
3.972,0.1169,0.15,123.0
3.981,0.1169,0.15,123.0
3.989,0.1169,0.15,123.0
3.998,0.1169,0.15,123.0
4.007,0.1169,0.15,123.0
4.015,0.1292,0.15,123.0
4.023,0.1333,0.15,91.0
4.03,0.139,0.15,74.0
4.037,0.145,0.15,74.0
4.045,0.1487,0.15,74.0
4.054,0.1487,0.15,74.0
4.061,0.1516,0.15,74.0
4.068,0.1529,0.15,74.0
4.073,0.1539,0.15,74.0
4.078,0.1538,0.15,74.0
4.083,0.1558,0.15,62.0
4.088,0.1557,0.15,56.0
4.093,0.1553,0.15,52.0
4.098,0.1552,0.15,49.0
4.104,0.1552,0.15,77.0
4.108,0.1543,0.15,77.0
4.113,0.1518,0.15,77.0
4.118,0.151,0.15,77.0
4.123,0.1493,0.15,77.0
4.128,0.1466,0.15,77.0
4.133,0.145,0.15,100.0
4.138,0.144,0.15,114.0
4.143,0.1433,0.15,122.0
4.147,0.1421,0.15,127.0
4.152,0.1409,0.15,130.0
4.157,0.1412,0.15,132.0
4.162,0.1426,0.15,133.0
4.167,0.1428,0.15,134.0
4.172,0.1419,0.15,134.0
4.176,0.1427,0.15,119.0
4.182,0.143,0.15,110.0
4.186,0.1416,0.15,105.0
4.191,0.1424,0.15,102.0
4.196,0.1409,0.15,100.0
4.201,0.1398,0.15,114.0
4.206,0.1391,0.15,122.0
4.21,0.1396,0.15,127.0
4.215,0.139,0.15,130.0
4.22,0.1398,0.15,125.0
4.225,0.1406,0.15,121.0
4.23,0.1403,0.15,119.0
4.235,0.1419,0.15,118.0
4.24,0.1443,0.15,117.0
4.245,0.1443,0.15,94.0
4.25,0.143,0.15,80.0
4.255,0.1442,0.15,72.0
4.259,0.1431,0.15,67.0
4.264,0.1433,0.15,90.0
4.27,0.1425,0.15,105.0
4.274,0.1419,0.15,114.0
4.279,0.1415,0.15,119.0
4.284,0.1423,0.15,122.0
4.288,0.1421,0.15,126.0
4.294,0.1418,0.15,128.0
4.299,0.1416,0.15,129.0
4.303,0.1427,0.15,130.0
4.308,0.1425,0.15,130.0
4.313,0.1424,0.15,123.0
4.318,0.1423,0.15,118.0
4.323,0.1435,0.15,115.0
4.328,0.1433,0.15,113.0
4.333,0.1435,0.15,108.0
4.338,0.1446,0.15,106.0
4.343,0.1447,0.15,104.0
4.348,0.1438,0.15,103.0
4.352,0.1439,0.15,102.0
4.357,0.143,0.15,110.0
4.362,0.1423,0.15,115.0
4.367,0.1423,0.15,118.0
4.372,0.1429,0.15,119.0
4.377,0.1424,0.15,120.0
4.382,0.1433,0.15,121.0
4.387,0.1433,0.15,121.0
4.392,0.143,0.15,121.0
4.397,0.144,0.15,121.0
4.402,0.1437,0.15,112.0
4.407,0.1452,0.15,112.0
4.412,0.1459,0.15,112.0
4.416,0.1453,0.15,112.0
4.421,0.145,0.15,112.0
4.426,0.1443,0.15,110.0
4.431,0.1454,0.15,110.0
4.436,0.1453,0.15,110.0
4.441,0.1452,0.15,110.0
4.446,0.1453,0.15,110.0
4.45,0.1454,0.15,110.0
4.455,0.1455,0.15,110.0
4.46,0.1468,0.15,110.0
4.465,0.1478,0.15,110.0
4.47,0.1478,0.15,110.0
4.475,0.1487,0.15,110.0
4.479,0.1485,0.15,110.0
4.485,0.1486,0.15,110.0
4.49,0.1495,0.15,110.0
4.494,0.1493,0.15,110.0
4.499,0.1482,0.15,110.0
4.504,0.148,0.15,110.0
4.509,0.1484,0.15,110.0
4.514,0.1499,0.15,110.0
4.519,0.1489,0.15,110.0
4.524,0.1493,0.15,110.0
4.529,0.1487,0.15,110.0
4.534,0.1503,0.15,110.0
4.539,0.1506,0.15,110.0
4.543,0.152,0.15,110.0
4.549,0.1523,0.15,110.0
4.554,0.1523,0.15,110.0
4.559,0.1514,0.15,110.0
4.564,0.1529,0.15,110.0
4.569,0.153,0.15,110.0
4.574,0.1531,0.15,110.0
4.579,0.1534,0.15,110.0
4.584,0.1536,0.15,110.0
4.589,0.1532,0.15,110.0
4.594,0.1547,0.15,110.0
4.599,0.1548,0.15,110.0
4.604,0.1561,0.15,85.0
4.609,0.1554,0.15,69.0
4.614,0.1557,0.15,60.0
4.619,0.156,0.15,54.0
4.624,0.1563,0.15,76.0
4.629,0.1555,0.15,90.0
4.634,0.155,0.15,97.0
4.64,0.1557,0.15,101.0
4.645,0.1563,0.15,105.0
4.65,0.1559,0.15,107.0
4.655,0.1567,0.15,108.0
4.66,0.1584,0.15,109.0
4.666,0.1582,0.15,100.0
4.671,0.1598,0.15,95.0
4.676,0.1601,0.15,92.0
4.681,0.1603,0.15,90.0
4.686,0.1594,0.15,92.0
4.691,0.16,0.15,93.0
4.696,0.1604,0.15,94.0
4.701,0.1608,0.15,94.0
4.707,0.1612,0.15,91.0
4.712,0.1616,0.15,90.0
4.717,0.1609,0.15,89.0
4.722,0.1616,0.15,89.0
4.728,0.1615,0.15,95.0
4.733,0.1632,0.15,100.0
4.738,0.1636,0.15,102.0
4.744,0.1629,0.15,104.0
4.749,0.1618,0.15,105.0
4.754,0.1627,0.15,105.0
4.759,0.1625,0.15,105.0
4.764,0.1623,0.15,106.0
4.77,0.1634,0.15,99.0
4.775,0.1641,0.15,95.0
4.78,0.1638,0.15,92.0
4.786,0.1647,0.15,91.0
4.791,0.1654,0.15,89.0
4.796,0.1659,0.15,87.0
4.801,0.1654,0.15,86.0
4.807,0.1661,0.15,85.0
4.812,0.1667,0.15,88.0
4.817,0.1683,0.15,90.0
4.823,0.1686,0.15,90.0
4.827,0.1681,0.15,90.0
4.833,0.1675,0.15,93.0
4.838,0.167,0.15,95.0
4.843,0.1678,0.15,96.0
4.849,0.1678,0.15,97.0
4.854,0.1675,0.15,101.0
4.859,0.1673,0.15,103.0
4.865,0.1671,0.15,105.0
4.87,0.1681,0.15,106.0
4.876,0.1682,0.15,103.0
4.881,0.1681,0.15,101.0
4.886,0.1684,0.15,100.0
4.891,0.1694,0.15,99.0
4.897,0.17,0.15,93.0
4.903,0.1706,0.15,90.0
4.907,0.1706,0.15,88.0
4.913,0.1712,0.15,87.0
4.919,0.1717,0.15,87.0
4.924,0.1721,0.15,87.0
4.929,0.1714,0.15,86.0
4.935,0.1721,0.15,86.0
4.94,0.1726,0.15,90.0
4.945,0.1729,0.15,91.0
4.951,0.1732,0.15,93.0
4.956,0.1724,0.15,94.0
4.962,0.1719,0.15,102.0
4.967,0.1727,0.15,107.0
4.972,0.1721,0.15,110.0
4.978,0.1729,0.15,112.0
4.983,0.1734,0.15,102.0
4.989,0.1728,0.15,96.0
4.994,0.1724,0.15,92.0
5.0,0.1733,0.15,90.0
5.005,0.1739,0.15,93.0
5.01,0.1744,0.15,95.0
5.016,0.1747,0.15,97.0
5.021,0.1751,0.15,97.0
5.027,0.1744,0.15,98.0
5.032,0.1748,0.15,99.0
5.037,0.1763,0.15,99.0
5.043,0.1764,0.15,99.0
5.048,0.1759,0.15,94.0
5.054,0.1762,0.15,90.0
5.059,0.1763,0.15,89.0
5.065,0.1765,0.15,88.0
5.07,0.1777,0.15,86.0
5.076,0.1787,0.15,84.0
5.081,0.1795,0.15,83.0
5.086,0.179,0.15,83.0
5.092,0.1787,0.15,87.0
5.097,0.1795,0.15,89.0
5.103,0.179,0.15,90.0
5.108,0.1787,0.15,90.0
5.114,0.1785,0.15,97.0
5.119,0.1774,0.15,100.0
5.125,0.1766,0.15,103.0
5.13,0.176,0.15,104.0
5.136,0.1767,0.15,113.0
5.141,0.1772,0.15,119.0
5.147,0.177,0.15,122.0
5.152,0.1765,0.15,124.0
5.158,0.1761,0.15,119.0
5.163,0.1758,0.15,116.0
5.169,0.1756,0.15,114.0
5.174,0.1767,0.15,113.0
5.18,0.1763,0.15,109.0
5.185,0.1759,0.15,106.0
5.191,0.1757,0.15,105.0
5.196,0.1756,0.15,104.0
5.202,0.1755,0.15,108.0
5.207,0.1766,0.15,111.0
5.213,0.1762,0.15,112.0
5.218,0.1759,0.15,113.0
5.224,0.1757,0.15,108.0
5.229,0.175,0.15,106.0
5.235,0.175,0.15,104.0
5.24,0.175,0.15,103.0
5.246,0.175,0.15,107.0
5.251,0.175,0.15,109.0
5.256,0.175,0.15,111.0
5.262,0.175,0.15,112.0
5.268,0.175,0.15,109.0
5.273,0.175,0.15,107.0
5.278,0.175,0.15,106.0
5.284,0.175,0.15,105.0
5.289,0.1746,0.15,107.0
5.295,0.1759,0.15,108.0
5.3,0.1768,0.15,109.0
5.306,0.1765,0.15,110.0
5.311,0.1773,0.15,93.0
5.317,0.1779,0.15,85.0
5.322,0.1784,0.15,79.0
5.328,0.179,0.15,75.0
5.334,0.1792,0.15,77.0
5.339,0.1793,0.15,79.0
5.344,0.1794,0.15,79.0
5.35,0.1788,0.15,80.0
5.355,0.1793,0.15,89.0
5.361,0.1785,0.15,93.0
5.366,0.1784,0.15,97.0
5.372,0.1778,0.15,99.0
5.377,0.1773,0.15,110.0
5.382,0.1781,0.15,118.0
5.388,0.1786,0.15,122.0
5.394,0.1792,0.15,124.0
5.399,0.1795,0.15,105.0
5.405,0.1798,0.15,93.0
5.41,0.1809,0.15,87.0
5.416,0.181,0.15,83.0
5.422,0.1821,0.15,78.0
5.427,0.182,0.15,75.0
5.433,0.1819,0.15,73.0
5.438,0.1828,0.15,72.0
5.443,0.1835,0.15,78.0
5.449,0.183,0.15,81.0
5.455,0.1827,0.15,83.0
5.46,0.1824,0.15,84.0
5.466,0.1822,0.15,97.0
5.471,0.1812,0.15,105.0
5.477,0.1822,0.15,110.0
5.483,0.183,0.15,113.0
5.488,0.1822,0.15,108.0
5.494,0.1823,0.15,106.0
5.499,0.1824,0.15,104.0
5.505,0.1824,0.15,103.0
5.511,0.1825,0.15,101.0
5.516,0.1825,0.15,100.0
5.522,0.1825,0.15,100.0
5.527,0.1825,0.15,99.0
5.533,0.1826,0.15,100.0
5.538,0.1826,0.15,100.0
5.544,0.1823,0.15,100.0
5.55,0.1817,0.15,100.0
5.555,0.1819,0.15,104.0
5.561,0.1809,0.15,106.0
5.566,0.1817,0.15,107.0
5.572,0.1807,0.15,108.0
5.578,0.1821,0.15,105.0
5.583,0.182,0.15,103.0
5.589,0.1813,0.15,101.0
5.594,0.1813,0.15,101.0
5.6,0.1814,0.15,105.0
5.606,0.1815,0.15,107.0
5.611,0.1816,0.15,108.0
5.616,0.1825,0.15,109.0
5.622,0.1823,0.15,102.0
5.628,0.1815,0.15,97.0
5.633,0.1825,0.15,94.0
5.639,0.1832,0.15,93.0
5.644,0.1818,0.15,99.0
5.65,0.1811,0.15,103.0
5.655,0.18,0.15,105.0
5.661,0.1811,0.15,106.0
5.666,0.1812,0.15,107.0
5.672,0.1801,0.15,108.0
5.678,0.1793,0.15,109.0
5.683,0.1787,0.15,109.0
5.689,0.1776,0.15,119.0
5.694,0.1794,0.15,125.0
5.7,0.1788,0.15,129.0
5.705,0.1805,0.15,131.0
5.711,0.1807,0.15,104.0
5.717,0.1819,0.15,89.0
5.722,0.1807,0.15,79.0
5.728,0.1808,0.15,73.0
5.733,0.181,0.15,83.0
5.739,0.18,0.15,90.0
5.744,0.1792,0.15,93.0
5.75,0.179,0.15,95.0
5.755,0.1786,0.15,110.0
5.761,0.1791,0.15,119.0
5.766,0.18,0.15,124.0
5.772,0.1793,0.15,128.0
5.778,0.1808,0.15,106.0
5.783,0.18,0.15,93.0
5.789,0.1807,0.15,86.0
5.794,0.1819,0.15,81.0
5.8,0.1818,0.15,85.0
5.805,0.1818,0.15,87.0
5.811,0.1817,0.15,88.0
5.816,0.1817,0.15,89.0
5.822,0.1817,0.15,94.0
5.828,0.1817,0.15,98.0
5.833,0.1807,0.15,100.0
5.839,0.18,0.15,101.0
5.844,0.1816,0.15,101.0
5.85,0.1812,0.15,101.0
5.855,0.1804,0.15,101.0
5.861,0.1809,0.15,101.0
5.866,0.1814,0.15,103.0
5.872,0.1817,0.15,103.0
5.877,0.1819,0.15,104.0
5.883,0.1821,0.15,104.0
5.889,0.1815,0.15,102.0
5.894,0.1818,0.15,101.0
5.899,0.182,0.15,100.0
5.905,0.1821,0.15,99.0
5.911,0.1822,0.15,97.0
5.916,0.1823,0.15,95.0
5.922,0.1833,0.15,94.0
5.927,0.1831,0.15,94.0
5.933,0.183,0.15,92.0
5.938,0.1819,0.15,92.0
5.944,0.182,0.15,91.0
5.95,0.1815,0.15,91.0
5.955,0.1817,0.15,101.0
5.961,0.1818,0.15,108.0
5.966,0.1818,0.15,111.0
5.972,0.1808,0.15,114.0
5.978,0.1813,0.15,111.0
5.983,0.1806,0.15,109.0
5.989,0.181,0.15,108.0
5.994,0.1814,0.15,108.0
6.0,0.1817,0.15,102.0
6.005,0.1819,0.15,99.0
6.011,0.1821,0.15,98.0
6.016,0.1822,0.15,97.0
6.022,0.1823,0.15,95.0
6.028,0.1833,0.15,94.0
6.033,0.182,0.15,94.0
6.039,0.1821,0.15,94.0
6.044,0.1832,0.15,92.0
6.05,0.1833,0.15,91.0
6.055,0.1832,0.15,90.0
6.061,0.182,0.15,90.0
6.066,0.1821,0.15,99.0
6.072,0.1832,0.15,105.0
6.078,0.183,0.15,109.0
6.083,0.1818,0.15,111.0
6.089,0.1823,0.15,106.0
6.094,0.1823,0.15,103.0
6.1,0.1834,0.15,101.0
6.106,0.1832,0.15,100.0
6.111,0.183,0.15,96.0
6.117,0.1829,0.15,94.0
6.122,0.1829,0.15,93.0
6.127,0.1828,0.15,92.0
6.133,0.1825,0.15,98.0
6.139,0.1823,0.15,102.0
6.145,0.1824,0.15,104.0
6.15,0.1824,0.15,105.0
6.156,0.1835,0.15,98.0
6.161,0.1833,0.15,94.0
6.167,0.1824,0.15,91.0
6.172,0.1825,0.15,90.0
6.178,0.1835,0.15,94.0
6.183,0.1822,0.15,96.0
6.189,0.1824,0.15,98.0
6.195,0.1813,0.15,99.0
6.2,0.1825,0.15,104.0
6.206,0.1826,0.15,107.0
6.212,0.1835,0.15,109.0
6.217,0.1831,0.15,110.0
6.222,0.1818,0.15,109.0
6.228,0.1823,0.15,109.0
6.234,0.1823,0.15,109.0
6.239,0.1812,0.15,109.0
6.245,0.1825,0.15,102.0
6.251,0.1816,0.15,98.0
6.256,0.1818,0.15,95.0
6.262,0.1828,0.15,94.0
6.267,0.1809,0.15,105.0
6.273,0.1801,0.15,111.0
6.278,0.1796,0.15,115.0
6.284,0.1801,0.15,117.0
6.289,0.1795,0.15,117.0
6.295,0.1812,0.15,118.0
6.3,0.1814,0.15,118.0
6.306,0.1805,0.15,118.0
6.312,0.181,0.15,104.0
6.317,0.1814,0.15,95.0
6.323,0.1806,0.15,90.0
6.328,0.1799,0.15,88.0
6.334,0.1805,0.15,95.0
6.339,0.182,0.15,99.0
6.345,0.181,0.15,102.0
6.35,0.1796,0.15,104.0
6.356,0.1791,0.15,109.0
6.362,0.181,0.15,113.0
6.367,0.1807,0.15,115.0
6.373,0.18,0.15,116.0
6.378,0.1806,0.15,102.0
6.384,0.18,0.15,94.0
6.389,0.1806,0.15,90.0
6.395,0.182,0.15,88.0
6.401,0.1822,0.15,85.0
6.406,0.1832,0.15,83.0
6.411,0.1831,0.15,82.0
6.417,0.1836,0.15,82.0
6.422,0.1834,0.15,83.0
6.428,0.1835,0.15,84.0
6.434,0.1833,0.15,85.0
6.439,0.1831,0.15,85.0
6.445,0.183,0.15,92.0
6.45,0.1829,0.15,97.0
6.456,0.1828,0.15,100.0
6.462,0.1818,0.15,102.0
6.468,0.1804,0.15,114.0
6.473,0.18,0.15,121.0
6.478,0.1797,0.15,126.0
6.484,0.1795,0.15,128.0
6.489,0.1787,0.15,126.0
6.495,0.1787,0.15,124.0
6.5,0.1787,0.15,124.0
6.506,0.1787,0.15,123.0
6.511,0.1799,0.15,108.0
6.517,0.1815,0.15,98.0
6.523,0.1808,0.15,93.0
6.528,0.1803,0.15,90.0
6.534,0.1799,0.15,94.0
6.539,0.1797,0.15,96.0
6.545,0.1804,0.15,97.0
6.55,0.1803,0.15,98.0
6.556,0.1809,0.15,94.0
6.561,0.1813,0.15,92.0
6.567,0.1817,0.15,90.0
6.572,0.1819,0.15,90.0
6.578,0.1821,0.15,89.0
6.583,0.1822,0.15,87.0
6.589,0.1816,0.15,87.0
6.594,0.1819,0.15,86.0
6.6,0.1821,0.15,91.0
6.605,0.1822,0.15,94.0
6.611,0.1816,0.15,96.0
6.617,0.1809,0.15,98.0
6.622,0.1813,0.15,102.0
6.628,0.1807,0.15,104.0
6.633,0.1812,0.15,106.0
6.639,0.1816,0.15,107.0
6.645,0.1809,0.15,106.0
6.65,0.1804,0.15,106.0
6.656,0.18,0.15,106.0
6.661,0.1797,0.15,106.0
6.667,0.1804,0.15,106.0
6.672,0.1809,0.15,106.0
6.678,0.1814,0.15,106.0
6.683,0.1817,0.15,106.0
6.689,0.1812,0.15,99.0
6.694,0.1816,0.15,95.0
6.7,0.1818,0.15,92.0
6.705,0.182,0.15,91.0
6.711,0.1815,0.15,93.0
6.716,0.1804,0.15,94.0
6.722,0.1818,0.15,95.0
6.727,0.1823,0.15,95.0
6.733,0.1824,0.15,92.0
6.739,0.1812,0.15,91.0
6.744,0.1825,0.15,90.0
6.75,0.1828,0.15,90.0
6.755,0.1828,0.15,91.0
6.761,0.1827,0.15,92.0
6.766,0.1836,0.15,93.0
6.772,0.1843,0.15,93.0
6.778,0.1847,0.15,87.0
6.783,0.1839,0.15,82.0
6.789,0.1833,0.15,80.0
6.794,0.1832,0.15,78.0
6.8,0.183,0.15,94.0
6.805,0.1829,0.15,104.0
6.811,0.1822,0.15,110.0
6.816,0.182,0.15,114.0
6.822,0.1812,0.15,117.0
6.827,0.1805,0.15,119.0
6.833,0.181,0.15,120.0
6.838,0.1805,0.15,121.0
6.844,0.1801,0.15,118.0
6.85,0.18,0.15,116.0
6.855,0.1807,0.15,115.0
6.861,0.1809,0.15,115.0
6.867,0.1813,0.15,102.0
6.872,0.1816,0.15,95.0
6.877,0.1819,0.15,90.0
6.883,0.1821,0.15,88.0
6.888,0.1822,0.15,88.0
6.894,0.1823,0.15,89.0
6.9,0.1833,0.15,89.0
6.905,0.1841,0.15,89.0
6.911,0.1831,0.15,89.0
6.916,0.1839,0.15,89.0
6.922,0.1824,0.15,88.0
6.927,0.1828,0.15,88.0
6.933,0.1827,0.15,93.0
6.938,0.1817,0.15,97.0
6.944,0.1819,0.15,99.0
6.949,0.1821,0.15,100.0
6.955,0.1822,0.15,102.0
6.961,0.1811,0.15,104.0
6.966,0.1815,0.15,104.0
6.972,0.1818,0.15,105.0
6.977,0.182,0.15,103.0
6.983,0.1822,0.15,102.0
6.989,0.1823,0.15,102.0
6.994,0.183,0.15,102.0
7.0,0.1829,0.15,95.0
7.005,0.1818,0.15,92.0
7.01,0.1823,0.15,90.0
7.016,0.1834,0.15,89.0
7.022,0.1841,0.15,87.0
7.027,0.1829,0.15,86.0
7.033,0.1837,0.15,85.0
7.039,0.1835,0.15,85.0
7.044,0.1821,0.15,100.0
7.05,0.1821,0.15,109.0
7.055,0.1811,0.15,115.0
7.061,0.1814,0.15,119.0
7.067,0.1826,0.15,108.0
7.072,0.1824,0.15,101.0
7.078,0.1813,0.15,97.0
7.083,0.1805,0.15,95.0
7.089,0.1808,0.15,105.0
7.094,0.1811,0.15,112.0
7.1,0.1814,0.15,116.0
7.105,0.1814,0.15,118.0
7.111,0.181,0.15,109.0
7.117,0.1812,0.15,104.0
7.122,0.1814,0.15,101.0
7.128,0.1809,0.15,99.0
7.134,0.1811,0.15,98.0
7.139,0.1813,0.15,98.0
7.144,0.1814,0.15,98.0
7.15,0.1808,0.15,97.0
7.156,0.181,0.15,98.0
7.161,0.1812,0.15,98.0
7.167,0.1813,0.15,98.0
7.172,0.1814,0.15,99.0
7.178,0.1815,0.15,96.0
7.183,0.1815,0.15,95.0
7.189,0.1815,0.15,94.0
7.194,0.1815,0.15,94.0
7.2,0.1816,0.15,95.0
7.206,0.1816,0.15,96.0
7.211,0.1816,0.15,96.0
7.216,0.1814,0.15,96.0
7.222,0.1814,0.15,98.0
7.227,0.1815,0.15,99.0
7.233,0.1816,0.15,99.0
7.238,0.1806,0.15,99.0
7.244,0.1809,0.15,102.0
7.249,0.1805,0.15,103.0
7.255,0.1808,0.15,104.0
7.26,0.181,0.15,104.0
7.266,0.1812,0.15,100.0
7.272,0.1813,0.15,98.0
7.277,0.1814,0.15,96.0
7.283,0.1815,0.15,96.0
7.288,0.1809,0.15,98.0
7.294,0.1812,0.15,100.0
7.299,0.1835,0.15,101.0
7.305,0.1842,0.15,101.0
7.311,0.1835,0.15,87.0
7.317,0.183,0.15,78.0
7.322,0.1827,0.15,73.0
7.327,0.1824,0.15,70.0
7.333,0.1822,0.15,88.0
7.338,0.1819,0.15,98.0
7.344,0.1818,0.15,104.0
7.349,0.1811,0.15,108.0
7.355,0.1813,0.15,109.0
7.361,0.1813,0.15,109.0
7.366,0.1826,0.15,109.0
7.372,0.1829,0.15,109.0
7.377,0.1826,0.15,98.0
7.383,0.1826,0.15,91.0
7.388,0.1817,0.15,88.0
7.394,0.1816,0.15,86.0
7.399,0.1817,0.15,94.0
7.405,0.1816,0.15,100.0
7.411,0.1814,0.15,104.0
7.416,0.1814,0.15,106.0
7.422,0.1815,0.15,103.0
7.427,0.1817,0.15,102.0
7.433,0.1817,0.15,101.0
7.439,0.1817,0.15,100.0
7.444,0.1817,0.15,98.0
7.449,0.181,0.15,97.0
7.455,0.1809,0.15,96.0
7.461,0.1811,0.15,96.0
7.466,0.1813,0.15,99.0
7.472,0.1807,0.15,101.0
7.477,0.1809,0.15,102.0
7.483,0.1811,0.15,102.0
7.488,0.1809,0.15,102.0
7.494,0.1811,0.15,102.0
7.499,0.1813,0.15,102.0
7.505,0.1814,0.15,102.0
7.51,0.1814,0.15,97.0
7.516,0.1815,0.15,95.0
7.522,0.1815,0.15,93.0
7.527,0.1815,0.15,93.0
7.533,0.1815,0.15,94.0
7.538,0.1815,0.15,95.0
7.544,0.1816,0.15,95.0
7.549,0.1816,0.15,96.0
7.555,0.1816,0.15,96.0
7.56,0.1816,0.15,96.0
7.566,0.1816,0.15,96.0
7.571,0.181,0.15,96.0
7.577,0.1809,0.15,100.0
7.582,0.1811,0.15,103.0
7.588,0.1812,0.15,104.0
7.593,0.1814,0.15,105.0
7.599,0.1826,0.15,93.0
7.605,0.1814,0.15,87.0
7.61,0.1808,0.15,83.0
7.615,0.1822,0.15,81.0
7.621,0.1811,0.15,94.0
7.627,0.1814,0.15,103.0
7.632,0.1815,0.15,108.0
7.638,0.1806,0.15,111.0
7.644,0.1809,0.15,107.0
7.649,0.181,0.15,104.0
7.655,0.1812,0.15,103.0
7.66,0.1825,0.15,102.0
7.666,0.1835,0.15,88.0
7.672,0.1836,0.15,79.0
7.677,0.1831,0.15,73.0
7.682,0.1827,0.15,70.0
7.688,0.1824,0.15,86.0
7.693,0.1822,0.15,95.0
7.699,0.1821,0.15,101.0
7.705,0.182,0.15,105.0
7.71,0.1818,0.15,104.0
7.716,0.1818,0.15,104.0
7.722,0.1818,0.15,104.0
7.727,0.1818,0.15,104.0
7.733,0.1817,0.15,102.0
7.738,0.1817,0.15,100.0
7.744,0.1817,0.15,100.0
7.749,0.1817,0.15,99.0
7.755,0.1817,0.15,98.0
7.76,0.1817,0.15,98.0
7.766,0.1817,0.15,97.0
7.771,0.181,0.15,97.0
7.777,0.1812,0.15,99.0
7.782,0.1813,0.15,101.0
7.788,0.1824,0.15,102.0
7.794,0.1822,0.15,102.0
7.799,0.183,0.15,91.0
7.804,0.1827,0.15,85.0
7.81,0.1823,0.15,81.0
7.815,0.1822,0.15,78.0
7.821,0.1821,0.15,90.0
7.827,0.1829,0.15,97.0
7.832,0.1826,0.15,102.0
7.838,0.1824,0.15,105.0
7.844,0.1832,0.15,96.0
7.849,0.1825,0.15,90.0
7.855,0.1825,0.15,88.0
7.86,0.1823,0.15,86.0
7.866,0.1831,0.15,90.0
7.871,0.1821,0.15,93.0
7.877,0.1829,0.15,94.0
7.882,0.1826,0.15,95.0
7.888,0.1824,0.15,99.0
7.894,0.1822,0.15,102.0
7.899,0.182,0.15,103.0
7.905,0.182,0.15,104.0
7.91,0.1813,0.15,107.0
7.916,0.1814,0.15,108.0
7.922,0.1815,0.15,109.0
7.927,0.1815,0.15,110.0
7.932,0.1816,0.15,103.0
7.938,0.1817,0.15,99.0
7.944,0.1827,0.15,96.0
7.949,0.1824,0.15,95.0
7.954,0.1823,0.15,92.0
7.96,0.1831,0.15,90.0
7.966,0.1826,0.15,90.0
7.972,0.1825,0.15,89.0
7.977,0.1832,0.15,88.0
7.983,0.1838,0.15,86.0
7.988,0.1835,0.15,86.0
7.994,0.184,0.15,85.0
7.999,0.1823,0.15,94.0
8.005,0.183,0.15,100.0
8.011,0.183,0.15,103.0
8.016,0.1836,0.15,105.0
8.022,0.182,0.15,103.0
8.027,0.1818,0.15,102.0
8.033,0.1827,0.15,101.0
8.038,0.1825,0.15,101.0
8.044,0.1811,0.15,103.0
8.05,0.1822,0.15,105.0
8.055,0.183,0.15,106.0
8.061,0.1836,0.15,106.0
8.066,0.1838,0.15,89.0
8.072,0.1833,0.15,79.0
8.078,0.1838,0.15,72.0
8.083,0.183,0.15,68.0
8.089,0.183,0.15,84.0
8.094,0.1836,0.15,92.0
8.099,0.1829,0.15,98.0
8.105,0.1823,0.15,101.0
8.111,0.181,0.15,109.0
8.116,0.1809,0.15,114.0
8.122,0.1821,0.15,117.0
8.128,0.1829,0.15,119.0
8.133,0.1814,0.15,107.0
8.139,0.1824,0.15,101.0
8.144,0.1811,0.15,97.0
8.15,0.1803,0.15,94.0
8.155,0.1804,0.15,100.0
8.161,0.1805,0.15,103.0
8.166,0.1817,0.15,106.0
8.172,0.182,0.15,107.0
8.178,0.1829,0.15,90.0
8.183,0.1824,0.15,81.0
8.189,0.1813,0.15,74.0
8.194,0.1811,0.15,71.0
8.2,0.181,0.15,90.0
8.205,0.1809,0.15,102.0
8.211,0.1802,0.15,109.0
8.216,0.1803,0.15,113.0
8.222,0.1805,0.15,109.0
8.227,0.1805,0.15,107.0
8.233,0.1806,0.15,105.0
8.239,0.1806,0.15,104.0
8.244,0.1806,0.15,100.0
8.25,0.1806,0.15,98.0
8.255,0.1807,0.15,96.0
8.26,0.1807,0.15,95.0
8.266,0.1807,0.15,95.0
8.272,0.1798,0.15,95.0
8.277,0.18,0.15,95.0
8.282,0.1802,0.15,95.0
8.288,0.1803,0.15,97.0
8.294,0.1804,0.15,99.0
8.299,0.1816,0.15,99.0
8.305,0.1814,0.15,100.0
8.31,0.1806,0.15,97.0
8.316,0.1809,0.15,95.0
8.321,0.1808,0.15,94.0
8.327,0.182,0.15,93.0
8.332,0.1808,0.15,93.0
8.338,0.182,0.15,94.0
8.343,0.1829,0.15,94.0
8.349,0.1825,0.15,94.0
8.354,0.1832,0.15,83.0
8.36,0.1838,0.15,76.0
8.365,0.1842,0.15,72.0
8.371,0.1835,0.15,69.0
8.376,0.183,0.15,81.0
8.382,0.1836,0.15,88.0
8.387,0.1841,0.15,91.0
8.393,0.1845,0.15,94.0
8.399,0.1826,0.15,97.0
8.404,0.1812,0.15,98.0
8.41,0.1813,0.15,99.0
8.415,0.1824,0.15,100.0
8.421,0.1822,0.15,100.0
8.427,0.182,0.15,100.0
8.432,0.1823,0.15,100.0
8.438,0.1821,0.15,100.0
8.443,0.183,0.15,94.0
8.449,0.183,0.15,90.0
8.454,0.1836,0.15,89.0
8.46,0.1829,0.15,88.0
8.465,0.1823,0.15,93.0
8.471,0.1825,0.15,97.0
8.476,0.182,0.15,99.0
8.482,0.1826,0.15,101.0
8.487,0.1822,0.15,99.0
8.493,0.1818,0.15,98.0
8.498,0.1815,0.15,98.0
8.503,0.1823,0.15,98.0
8.509,0.1818,0.15,98.0
8.515,0.1815,0.15,99.0
8.52,0.1813,0.15,99.0
8.526,0.1811,0.15,99.0
8.532,0.1809,0.15,102.0
8.537,0.1818,0.15,103.0
8.543,0.1825,0.15,104.0
8.548,0.183,0.15,105.0
8.554,0.1834,0.15,90.0
8.56,0.1836,0.15,80.0
8.565,0.1839,0.15,74.0
8.571,0.1834,0.15,70.0
8.576,0.1825,0.15,85.0
8.582,0.1809,0.15,93.0
8.587,0.1806,0.15,98.0
8.593,0.1795,0.15,101.0
8.598,0.1786,0.15,114.0
8.604,0.1801,0.15,122.0
8.609,0.1796,0.15,127.0
8.615,0.1787,0.15,130.0
8.62,0.1801,0.15,109.0
8.626,0.1812,0.15,96.0
8.631,0.1799,0.15,89.0
8.637,0.18,0.15,84.0
8.642,0.179,0.15,94.0
8.648,0.1803,0.15,100.0
8.653,0.1792,0.15,104.0
8.659,0.1795,0.15,106.0
8.664,0.1786,0.15,104.0
8.67,0.1791,0.15,102.0
8.675,0.1783,0.15,101.0
8.681,0.1778,0.15,101.0
8.687,0.1773,0.15,105.0
8.692,0.1785,0.15,108.0
8.697,0.1779,0.15,110.0
8.703,0.1795,0.15,111.0
8.709,0.1786,0.15,98.0
8.714,0.178,0.15,90.0
8.719,0.1775,0.15,87.0
8.725,0.1792,0.15,84.0
8.731,0.1799,0.15,83.0
8.736,0.1789,0.15,82.0
8.742,0.1792,0.15,81.0
8.747,0.1793,0.15,81.0
8.753,0.1785,0.15,93.0
8.758,0.18,0.15,101.0
8.764,0.1797,0.15,106.0
8.769,0.178,0.15,109.0
8.775,0.1777,0.15,108.0
8.78,0.1784,0.15,107.0
8.786,0.179,0.15,106.0
8.791,0.1795,0.15,106.0
8.797,0.1807,0.15,87.0
8.803,0.1807,0.15,76.0
8.808,0.1807,0.15,68.0
8.813,0.1807,0.15,64.0
8.819,0.1807,0.15,77.0
8.825,0.1808,0.15,84.0
8.83,0.1813,0.15,89.0
8.836,0.1812,0.15,91.0
8.841,0.1822,0.15,86.0
8.847,0.1818,0.15,82.0
8.852,0.1809,0.15,80.0
8.858,0.1817,0.15,78.0
8.863,0.1826,0.15,83.0
8.869,0.1812,0.15,85.0
8.875,0.1823,0.15,87.0
8.88,0.1821,0.15,88.0
8.885,0.182,0.15,93.0
8.891,0.1809,0.15,96.0
8.897,0.1812,0.15,99.0
8.902,0.1813,0.15,100.0
8.908,0.1816,0.15,100.0
8.914,0.1816,0.15,100.0
8.919,0.1828,0.15,100.0
8.925,0.1837,0.15,100.0
8.93,0.1841,0.15,86.0
8.935,0.1826,0.15,76.0
8.941,0.1824,0.15,71.0
8.947,0.1812,0.15,68.0
8.952,0.1807,0.15,94.0
8.957,0.181,0.15,110.0
8.963,0.1811,0.15,120.0
8.969,0.181,0.15,126.0
8.975,0.1811,0.15,111.0
8.98,0.1813,0.15,102.0
8.985,0.1814,0.15,97.0
8.991,0.1818,0.15,94.0
8.997,0.1818,0.15,91.0
9.002,0.1817,0.15,90.0
9.008,0.1827,0.15,89.0
9.013,0.1817,0.15,88.0
9.019,0.1827,0.15,86.0
9.024,0.1812,0.15,85.0
9.03,0.182,0.15,84.0
9.035,0.1829,0.15,84.0
9.041,0.1835,0.15,84.0
9.047,0.184,0.15,84.0
9.052,0.1837,0.15,84.0
9.058,0.1839,0.15,84.0
9.063,0.1843,0.15,84.0
9.069,0.1845,0.15,84.0
9.074,0.1847,0.15,84.0
9.08,0.1849,0.15,84.0
9.085,0.185,0.15,84.0
9.091,0.1845,0.15,85.0
9.096,0.1838,0.15,85.0
9.102,0.1832,0.15,85.0
9.107,0.1828,0.15,99.0
9.113,0.1825,0.15,108.0
9.118,0.1822,0.15,113.0
9.124,0.1821,0.15,116.0
9.13,0.1813,0.15,115.0
9.135,0.1824,0.15,113.0
9.141,0.1821,0.15,113.0
9.147,0.1829,0.15,112.0
9.152,0.1836,0.15,93.0
9.158,0.1829,0.15,83.0
9.163,0.1823,0.15,76.0
9.169,0.1819,0.15,72.0
9.174,0.1816,0.15,90.0
9.18,0.1814,0.15,101.0
9.185,0.1822,0.15,108.0
9.191,0.18,0.15,112.0
9.196,0.1811,0.15,107.0
9.202,0.1807,0.15,104.0
9.208,0.1805,0.15,103.0
9.213,0.1797,0.15,102.0
9.219,0.1797,0.15,106.0
9.224,0.1797,0.15,108.0
9.23,0.1798,0.15,109.0
9.235,0.1797,0.15,110.0
9.241,0.1797,0.15,104.0
9.246,0.1797,0.15,100.0
9.252,0.1795,0.15,97.0
9.257,0.1784,0.15,96.0
9.263,0.1776,0.15,106.0
9.268,0.177,0.15,112.0
9.274,0.1776,0.15,116.0
9.279,0.177,0.15,118.0
9.285,0.1765,0.15,114.0
9.29,0.1755,0.15,112.0
9.296,0.1753,0.15,111.0
9.301,0.1753,0.15,110.0
9.306,0.1752,0.15,111.0
9.312,0.1751,0.15,111.0
9.317,0.1751,0.15,111.0
9.322,0.1751,0.15,111.0
9.328,0.176,0.15,100.0
9.334,0.1757,0.15,94.0
9.339,0.1765,0.15,90.0
9.345,0.1772,0.15,89.0
9.35,0.177,0.15,87.0
9.355,0.1775,0.15,86.0
9.361,0.1778,0.15,85.0
9.366,0.1781,0.15,85.0
9.372,0.1773,0.15,87.0
9.377,0.1777,0.15,89.0
9.383,0.177,0.15,89.0
9.388,0.1765,0.15,90.0
9.394,0.1761,0.15,97.0
9.399,0.1759,0.15,102.0
9.405,0.1769,0.15,105.0
9.41,0.177,0.15,107.0
9.416,0.1777,0.15,94.0
9.421,0.1782,0.15,88.0
9.427,0.1777,0.15,83.0
9.432,0.1766,0.15,80.0
9.438,0.1786,0.15,82.0
9.443,0.1801,0.15,82.0
9.448,0.1812,0.15,83.0
9.454,0.1799,0.15,83.0
9.46,0.1801,0.15,80.0
9.465,0.1801,0.15,78.0
9.47,0.1802,0.15,77.0
9.476,0.1803,0.15,77.0
9.481,0.1804,0.15,82.0
9.487,0.1817,0.15,85.0
9.493,0.182,0.15,87.0
9.498,0.1819,0.15,88.0
9.504,0.1828,0.15,78.0
9.509,0.1828,0.15,72.0
9.515,0.1834,0.15,69.0
9.521,0.183,0.15,67.0
9.526,0.1826,0.15,78.0
9.532,0.1818,0.15,85.0
9.537,0.1827,0.15,89.0
9.543,0.1833,0.15,91.0
9.548,0.1829,0.15,90.0
9.554,0.1826,0.15,90.0
9.559,0.1823,0.15,90.0
9.565,0.1821,0.15,90.0
9.57,0.1814,0.15,98.0
9.576,0.1815,0.15,104.0
9.581,0.1815,0.15,107.0
9.587,0.1816,0.15,109.0
9.593,0.181,0.15,104.0
9.598,0.1821,0.15,102.0
9.604,0.1829,0.15,100.0
9.609,0.1829,0.15,99.0
9.615,0.1814,0.15,95.0
9.62,0.1813,0.15,92.0
9.626,0.1812,0.15,90.0
9.632,0.1804,0.15,90.0
9.637,0.1804,0.15,95.0
9.642,0.1793,0.15,99.0
9.648,0.1785,0.15,101.0
9.653,0.1784,0.15,103.0
9.659,0.1788,0.15,107.0
9.665,0.179,0.15,110.0
9.67,0.1786,0.15,112.0
9.675,0.1789,0.15,113.0
9.681,0.1791,0.15,103.0
9.687,0.1793,0.15,98.0
9.692,0.1783,0.15,94.0
9.697,0.1775,0.15,92.0
9.703,0.177,0.15,103.0
9.708,0.1766,0.15,110.0
9.714,0.1762,0.15,114.0
9.719,0.1768,0.15,117.0
9.725,0.1773,0.15,106.0
9.73,0.178,0.15,99.0
9.736,0.1772,0.15,95.0
9.741,0.1776,0.15,93.0
9.747,0.1789,0.15,86.0
9.752,0.1782,0.15,82.0
9.758,0.1773,0.15,79.0
9.763,0.1777,0.15,78.0
9.769,0.178,0.15,89.0
9.774,0.1782,0.15,94.0
9.779,0.1783,0.15,98.0
9.785,0.1773,0.15,101.0
9.791,0.1765,0.15,105.0
9.796,0.1759,0.15,108.0
9.802,0.1755,0.15,109.0
9.807,0.1762,0.15,110.0
9.812,0.1769,0.15,102.0
9.818,0.1783,0.15,97.0
9.824,0.1773,0.15,94.0
9.829,0.1766,0.15,92.0
9.834,0.1771,0.15,92.0
9.84,0.1775,0.15,91.0
9.845,0.1768,0.15,91.0
9.851,0.1763,0.15,91.0
9.856,0.1759,0.15,98.0
9.862,0.1766,0.15,103.0
9.867,0.1771,0.15,105.0
9.873,0.1769,0.15,107.0
9.878,0.1774,0.15,94.0
9.884,0.1778,0.15,87.0
9.889,0.178,0.15,82.0
9.895,0.1782,0.15,80.0
9.9,0.1784,0.15,80.0
9.905,0.1785,0.15,81.0
9.911,0.1779,0.15,81.0
9.916,0.1781,0.15,81.0
9.922,0.178,0.15,88.0
9.927,0.1782,0.15,91.0
9.933,0.1777,0.15,94.0
9.938,0.1779,0.15,95.0
9.944,0.1782,0.15,94.0
9.949,0.1783,0.15,93.0
9.954,0.1775,0.15,92.0
9.96,0.1778,0.15,92.0
9.966,0.1771,0.15,98.0
9.971,0.1766,0.15,101.0
9.977,0.1771,0.15,103.0
9.982,0.1775,0.15,104.0
9.988,0.1769,0.15,101.0
9.993,0.1767,0.15,99.0
9.998,0.1773,0.15,98.0
10.004,0.1786,0.15,97.0
10.009,0.1786,0.15,88.0
10.015,0.1776,0.15,81.0
10.02,0.1768,0.15,78.0
10.026,0.1773,0.15,75.0
10.031,0.1758,0.15,96.0
10.037,0.1764,0.15,109.0
10.042,0.1758,0.15,117.0
10.048,0.1754,0.15,122.0
10.053,0.1744,0.15,118.0
10.059,0.1743,0.15,115.0
10.064,0.1742,0.15,114.0
10.07,0.1742,0.15,113.0
10.075,0.1752,0.15,101.0
10.08,0.1749,0.15,94.0
10.086,0.1768,0.15,90.0
10.091,0.1765,0.15,89.0
10.097,0.1759,0.15,87.0
10.102,0.1764,0.15,87.0
10.108,0.1767,0.15,86.0
10.113,0.1764,0.15,86.0
10.119,0.1768,0.15,85.0
10.124,0.1771,0.15,84.0
10.129,0.1773,0.15,84.0
10.135,0.1774,0.15,83.0
10.14,0.1766,0.15,88.0
10.146,0.1769,0.15,90.0
10.151,0.1762,0.15,92.0
10.157,0.1757,0.15,93.0
10.162,0.1753,0.15,100.0
10.168,0.175,0.15,104.0
10.173,0.1748,0.15,106.0
10.178,0.1758,0.15,108.0
10.184,0.1755,0.15,101.0
10.189,0.1763,0.15,97.0
10.195,0.1769,0.15,95.0
10.2,0.1774,0.15,93.0
10.206,0.1767,0.15,88.0
10.212,0.1766,0.15,84.0
10.217,0.1771,0.15,82.0
10.222,0.1765,0.15,81.0
10.228,0.1771,0.15,84.0
10.233,0.1769,0.15,86.0
10.238,0.1763,0.15,87.0
10.244,0.1769,0.15,88.0
10.25,0.1774,0.15,89.0
10.255,0.1777,0.15,89.0
10.26,0.178,0.15,89.0
10.266,0.1782,0.15,90.0
10.271,0.1777,0.15,90.0
10.277,0.178,0.15,90.0
10.282,0.1782,0.15,90.0
10.288,0.1783,0.15,90.0
10.293,0.1778,0.15,90.0
10.299,0.1781,0.15,90.0
10.304,0.1772,0.15,91.0
10.309,0.1776,0.15,91.0
10.315,0.1779,0.15,91.0
10.32,0.1781,0.15,91.0
10.325,0.1783,0.15,91.0
10.331,0.1784,0.15,91.0
10.336,0.1785,0.15,89.0
10.342,0.1786,0.15,88.0
10.347,0.1786,0.15,87.0
10.353,0.1787,0.15,86.0
10.358,0.1787,0.15,88.0
10.364,0.1776,0.15,89.0
10.369,0.1767,0.15,90.0
10.374,0.1761,0.15,90.0
10.38,0.1756,0.15,106.0
10.386,0.1752,0.15,116.0
10.391,0.1749,0.15,122.0
10.396,0.1747,0.15,126.0
10.402,0.1745,0.15,118.0
10.407,0.1754,0.15,114.0
10.413,0.1751,0.15,111.0
10.418,0.1767,0.15,109.0
10.424,0.177,0.15,90.0
10.429,0.1772,0.15,80.0
10.435,0.1774,0.15,73.0
10.44,0.1775,0.15,69.0
10.446,0.1776,0.15,75.0
10.451,0.1777,0.15,79.0
10.457,0.1778,0.15,82.0
10.462,0.1778,0.15,83.0
10.468,0.1778,0.15,86.0
10.473,0.1782,0.15,88.0
10.479,0.1781,0.15,89.0
10.484,0.178,0.15,90.0
10.489,0.178,0.15,90.0
10.495,0.178,0.15,90.0
10.5,0.1777,0.15,90.0
10.506,0.1778,0.15,90.0
10.511,0.1772,0.15,95.0
10.516,0.1773,0.15,98.0
10.522,0.1765,0.15,100.0
10.527,0.1768,0.15,101.0
10.533,0.1782,0.15,92.0
10.538,0.1793,0.15,87.0
10.544,0.179,0.15,84.0
10.549,0.1785,0.15,82.0
10.555,0.1774,0.15,90.0
10.56,0.1775,0.15,95.0
10.566,0.1775,0.15,98.0
10.571,0.1776,0.15,100.0
10.577,0.1777,0.15,95.0
10.582,0.1777,0.15,92.0
10.587,0.1777,0.15,91.0
10.593,0.1771,0.15,90.0
10.599,0.1773,0.15,93.0
10.604,0.1774,0.15,94.0
10.609,0.1775,0.15,95.0
10.615,0.1776,0.15,96.0
10.62,0.1786,0.15,89.0
10.626,0.1784,0.15,84.0
10.631,0.179,0.15,81.0
10.637,0.1787,0.15,79.0
10.642,0.1784,0.15,85.0
10.648,0.1783,0.15,89.0
10.653,0.1775,0.15,90.0
10.659,0.1776,0.15,92.0
10.664,0.1786,0.15,91.0
10.67,0.1784,0.15,90.0
10.675,0.1783,0.15,90.0
10.681,0.1782,0.15,90.0
10.686,0.1781,0.15,93.0
10.691,0.1781,0.15,95.0
10.697,0.178,0.15,96.0
10.702,0.1779,0.15,97.0
10.708,0.1779,0.15,96.0
10.713,0.1779,0.15,95.0
10.719,0.1779,0.15,94.0
10.724,0.1779,0.15,94.0
10.729,0.1778,0.15,94.0
10.735,0.1779,0.15,93.0
10.74,0.1779,0.15,93.0
10.745,0.1778,0.15,93.0
10.751,0.1788,0.15,88.0
10.757,0.1795,0.15,85.0
10.762,0.179,0.15,83.0
10.768,0.1796,0.15,82.0
10.773,0.1795,0.15,82.0
10.779,0.18,0.15,83.0
10.784,0.1804,0.15,83.0
10.79,0.1807,0.15,83.0
10.795,0.1798,0.15,85.0
10.801,0.1781,0.15,86.0
10.806,0.179,0.15,87.0
10.812,0.1797,0.15,87.0
10.817,0.178,0.15,97.0
10.823,0.1779,0.15,104.0
10.828,0.1788,0.15,108.0
10.834,0.1784,0.15,110.0
10.839,0.1792,0.15,97.0
10.844,0.1777,0.15,90.0
10.85,0.1787,0.15,85.0
10.855,0.1784,0.15,82.0
10.861,0.179,0.15,87.0
10.866,0.1775,0.15,90.0
10.872,0.1779,0.15,90.0
10.877,0.1777,0.15,92.0
10.883,0.1787,0.15,93.0
10.888,0.1784,0.15,94.0
10.893,0.1774,0.15,94.0
10.899,0.1773,0.15,95.0
10.904,0.1772,0.15,101.0
10.91,0.1771,0.15,105.0
10.916,0.177,0.15,107.0
10.921,0.177,0.15,108.0
10.927,0.177,0.15,102.0
10.932,0.1775,0.15,99.0
10.937,0.1773,0.15,97.0
10.943,0.1772,0.15,96.0
10.948,0.1759,0.15,99.0
10.953,0.1744,0.15,101.0
10.959,0.1747,0.15,103.0
10.965,0.175,0.15,104.0
10.97,0.1752,0.15,102.0
10.976,0.1754,0.15,102.0
10.981,0.1755,0.15,101.0
10.986,0.1756,0.15,101.0
10.992,0.1757,0.15,95.0
10.997,0.1758,0.15,91.0
11.003,0.1748,0.15,90.0
11.008,0.1741,0.15,89.0
11.014,0.1728,0.15,104.0
11.019,0.1724,0.15,114.0
11.024,0.1721,0.15,119.0
11.03,0.1719,0.15,123.0
11.035,0.1717,0.15,116.0
11.041,0.1716,0.15,113.0
11.046,0.1715,0.15,110.0
11.051,0.1708,0.15,109.0
11.057,0.1709,0.15,106.0
11.062,0.171,0.15,105.0
11.067,0.1711,0.15,104.0
11.073,0.1711,0.15,104.0
11.078,0.1712,0.15,98.0
11.084,0.1712,0.15,95.0
11.089,0.1721,0.15,93.0
11.094,0.1728,0.15,92.0
11.1,0.1724,0.15,87.0
11.105,0.1731,0.15,83.0
11.111,0.1729,0.15,81.0
11.116,0.1735,0.15,79.0
11.121,0.1729,0.15,83.0
11.127,0.1734,0.15,85.0
11.132,0.1732,0.15,86.0
11.138,0.1739,0.15,86.0
11.143,0.1742,0.15,83.0
11.148,0.1734,0.15,80.0
11.153,0.1722,0.15,79.0
11.159,0.172,0.15,78.0
11.165,0.1718,0.15,95.0
11.17,0.1729,0.15,106.0
11.175,0.1737,0.15,112.0
11.181,0.1743,0.15,116.0
11.186,0.1747,0.15,92.0
11.192,0.1749,0.15,78.0
11.197,0.1753,0.15,70.0
11.202,0.1755,0.15,64.0
11.208,0.1756,0.15,71.0
11.214,0.175,0.15,75.0
11.219,0.1753,0.15,78.0
11.224,0.1755,0.15,79.0
11.23,0.1756,0.15,84.0
11.235,0.1757,0.15,87.0
11.241,0.1758,0.15,89.0
11.246,0.1759,0.15,90.0
11.251,0.1753,0.15,91.0
11.257,0.1755,0.15,93.0
11.262,0.1756,0.15,94.0
11.268,0.1757,0.15,95.0
11.273,0.1758,0.15,91.0
11.279,0.1759,0.15,89.0
11.284,0.1759,0.15,88.0
11.29,0.1759,0.15,87.0
11.295,0.176,0.15,88.0
11.3,0.176,0.15,89.0
11.306,0.176,0.15,89.0
11.311,0.175,0.15,90.0
11.317,0.1741,0.15,99.0
11.322,0.1735,0.15,105.0
11.328,0.173,0.15,109.0
11.333,0.1719,0.15,111.0
11.339,0.1718,0.15,115.0
11.344,0.1716,0.15,118.0
11.349,0.1716,0.15,119.0
11.355,0.1715,0.15,120.0
11.36,0.1724,0.15,106.0
11.366,0.1721,0.15,97.0
11.371,0.1722,0.15,92.0
11.376,0.1729,0.15,90.0
11.382,0.1734,0.15,86.0
11.387,0.1727,0.15,83.0
11.392,0.1715,0.15,82.0
11.398,0.1712,0.15,81.0
11.403,0.171,0.15,97.0
11.409,0.1709,0.15,107.0
11.414,0.1707,0.15,114.0
11.419,0.1716,0.15,117.0
11.425,0.1713,0.15,106.0
11.43,0.172,0.15,99.0
11.435,0.1726,0.15,95.0
11.441,0.173,0.15,92.0
11.446,0.1733,0.15,83.0
11.451,0.1728,0.15,77.0
11.457,0.1732,0.15,73.0
11.462,0.1734,0.15,71.0
11.468,0.1736,0.15,78.0
11.473,0.1731,0.15,82.0
11.479,0.1721,0.15,85.0
11.484,0.1715,0.15,86.0
11.489,0.171,0.15,101.0
11.495,0.1711,0.15,110.0
11.5,0.1707,0.15,116.0
11.506,0.1703,0.15,119.0
11.511,0.1701,0.15,113.0
11.516,0.1699,0.15,109.0
11.522,0.1697,0.15,107.0
11.527,0.1696,0.15,106.0
11.533,0.1696,0.15,103.0
11.538,0.1704,0.15,102.0
11.543,0.1712,0.15,101.0
11.549,0.1716,0.15,100.0
11.554,0.1714,0.15,89.0
11.559,0.1718,0.15,81.0
11.565,0.1721,0.15,77.0
11.57,0.1723,0.15,74.0
11.576,0.1726,0.15,76.0
11.581,0.1737,0.15,76.0
11.586,0.1745,0.15,77.0
11.592,0.1744,0.15,77.0
11.597,0.175,0.15,71.0
11.603,0.1755,0.15,67.0
11.608,0.1748,0.15,64.0
11.613,0.1747,0.15,63.0
11.619,0.1753,0.15,73.0
11.624,0.1757,0.15,80.0
11.629,0.176,0.15,83.0
11.635,0.1762,0.15,85.0
11.64,0.1764,0.15,82.0
11.646,0.1765,0.15,80.0
11.651,0.1751,0.15,79.0
11.656,0.1755,0.15,79.0
11.662,0.1749,0.15,90.0
11.667,0.1755,0.15,98.0
11.673,0.1752,0.15,102.0
11.678,0.1747,0.15,105.0
11.684,0.1743,0.15,103.0
11.689,0.174,0.15,101.0
11.694,0.1732,0.15,100.0
11.7,0.1753,0.15,100.0
11.705,0.1757,0.15,90.0
11.711,0.176,0.15,83.0
11.716,0.1751,0.15,79.0
11.721,0.1744,0.15,77.0
11.727,0.1739,0.15,91.0
11.732,0.1735,0.15,100.0
11.738,0.1732,0.15,105.0
11.743,0.1729,0.15,108.0
11.749,0.1727,0.15,107.0
11.754,0.1726,0.15,107.0
11.76,0.1724,0.15,106.0
11.765,0.1724,0.15,106.0
11.77,0.1733,0.15,97.0
11.775,0.1719,0.15,92.0
11.781,0.1717,0.15,90.0
11.786,0.1716,0.15,88.0
11.792,0.1709,0.15,101.0
11.797,0.171,0.15,109.0
11.802,0.171,0.15,114.0
11.808,0.1699,0.15,117.0
11.813,0.1685,0.15,119.0
11.818,0.168,0.15,121.0
11.824,0.1679,0.15,122.0
11.829,0.1685,0.15,122.0
11.834,0.168,0.15,113.0
11.84,0.1686,0.15,107.0
11.845,0.169,0.15,104.0
11.85,0.1694,0.15,102.0
11.856,0.1696,0.15,90.0
11.861,0.1686,0.15,84.0
11.866,0.1678,0.15,79.0
11.872,0.1676,0.15,77.0
11.877,0.168,0.15,90.0
11.882,0.1683,0.15,99.0
11.888,0.1686,0.15,105.0
11.893,0.1681,0.15,108.0
11.898,0.1684,0.15,99.0
11.904,0.1686,0.15,95.0
11.909,0.1698,0.15,92.0
11.914,0.17,0.15,90.0
11.92,0.1708,0.15,80.0
11.925,0.1703,0.15,73.0
11.93,0.1699,0.15,69.0
11.935,0.1695,0.15,66.0
11.941,0.1692,0.15,85.0
11.946,0.169,0.15,95.0
11.951,0.1682,0.15,102.0
11.957,0.1683,0.15,106.0
11.962,0.1683,0.15,105.0
11.968,0.1683,0.15,104.0
11.973,0.1676,0.15,104.0
11.978,0.1678,0.15,104.0
11.983,0.168,0.15,101.0
11.988,0.1681,0.15,99.0
11.994,0.1684,0.15,98.0
11.999,0.1685,0.15,98.0
12.004,0.1684,0.15,93.0
12.01,0.1684,0.15,90.0
12.015,0.1694,0.15,90.0
12.02,0.1692,0.15,89.0
12.026,0.1679,0.15,92.0
12.031,0.1669,0.15,95.0
12.036,0.1661,0.15,96.0
12.042,0.1676,0.15,97.0
12.047,0.1668,0.15,101.0
12.052,0.1659,0.15,103.0
12.058,0.1666,0.15,105.0
12.063,0.1668,0.15,105.0
12.068,0.166,0.15,104.0
12.073,0.1657,0.15,104.0
12.079,0.1661,0.15,103.0
12.084,0.1655,0.15,103.0
12.089,0.166,0.15,99.0
12.095,0.1657,0.15,97.0
12.1,0.1661,0.15,95.0
12.105,0.1664,0.15,94.0
12.111,0.1667,0.15,90.0
12.115,0.1669,0.15,89.0
12.121,0.167,0.15,87.0
12.126,0.1671,0.15,86.0
12.131,0.1666,0.15,90.0
12.137,0.1668,0.15,91.0
12.142,0.167,0.15,92.0
12.147,0.1671,0.15,93.0
12.153,0.1672,0.15,90.0
12.158,0.1672,0.15,89.0
12.163,0.1673,0.15,88.0
12.168,0.1673,0.15,87.0
12.174,0.1667,0.15,91.0
12.179,0.1669,0.15,94.0
12.184,0.1671,0.15,96.0
12.19,0.1662,0.15,97.0
12.195,0.1671,0.15,93.0
12.2,0.1674,0.15,91.0
12.206,0.1686,0.15,90.0
12.211,0.1686,0.15,90.0
12.216,0.1695,0.15,79.0
12.221,0.1702,0.15,72.0
12.226,0.1686,0.15,68.0
12.232,0.1689,0.15,66.0
12.237,0.1676,0.15,86.0
12.243,0.1667,0.15,97.0
12.248,0.1659,0.15,105.0
12.253,0.1648,0.15,109.0
12.259,0.1645,0.15,118.0
12.264,0.1655,0.15,124.0
12.269,0.1672,0.15,127.0
12.275,0.1663,0.15,129.0
12.28,0.1669,0.15,103.0
12.285,0.1682,0.15,88.0
12.29,0.167,0.15,78.0
12.296,0.1672,0.15,72.0
12.301,0.1663,0.15,83.0
12.306,0.1656,0.15,90.0
12.311,0.1655,0.15,93.0
12.316,0.165,0.15,95.0
12.322,0.1648,0.15,102.0
12.327,0.1655,0.15,106.0
12.333,0.166,0.15,108.0
12.338,0.1664,0.15,109.0
12.343,0.1667,0.15,93.0
12.349,0.1659,0.15,85.0
12.354,0.1663,0.15,79.0
12.359,0.1666,0.15,75.0
12.364,0.1659,0.15,87.0
12.37,0.1663,0.15,92.0
12.375,0.1656,0.15,96.0
12.38,0.1661,0.15,99.0
12.386,0.1664,0.15,93.0
12.391,0.1667,0.15,90.0
12.396,0.1669,0.15,89.0
12.401,0.167,0.15,88.0
12.407,0.1671,0.15,87.0
12.412,0.1666,0.15,86.0
12.417,0.1668,0.15,85.0
12.422,0.166,0.15,85.0
12.428,0.1664,0.15,91.0
12.433,0.166,0.15,95.0
12.438,0.1664,0.15,98.0
12.444,0.1667,0.15,100.0
12.449,0.1662,0.15,98.0
12.454,0.1655,0.15,96.0
12.46,0.166,0.15,96.0
12.465,0.1664,0.15,95.0
12.47,0.166,0.15,95.0
12.476,0.1657,0.15,95.0
12.48,0.1652,0.15,95.0
12.486,0.1659,0.15,95.0
12.491,0.1662,0.15,92.0
12.496,0.1665,0.15,91.0
12.502,0.1668,0.15,90.0
12.507,0.167,0.15,90.0
12.512,0.1664,0.15,90.0
12.517,0.1667,0.15,90.0
12.522,0.1669,0.15,90.0
12.528,0.167,0.15,90.0
12.533,0.1671,0.15,88.0
12.539,0.1672,0.15,86.0
12.544,0.1673,0.15,85.0
12.549,0.1674,0.15,85.0
12.554,0.1668,0.15,90.0
12.559,0.1669,0.15,92.0
12.565,0.1671,0.15,94.0
12.57,0.1671,0.15,95.0
12.575,0.1666,0.15,95.0
12.58,0.1668,0.15,95.0
12.585,0.1669,0.15,95.0
12.591,0.1663,0.15,95.0
12.596,0.1657,0.15,98.0
12.601,0.1661,0.15,100.0
12.607,0.1665,0.15,102.0
12.612,0.1658,0.15,102.0
12.617,0.1663,0.15,95.0
12.623,0.1666,0.15,91.0
12.628,0.1662,0.15,89.0
12.633,0.1665,0.15,88.0
12.639,0.1668,0.15,87.0
12.644,0.167,0.15,87.0
12.649,0.1671,0.15,87.0
12.654,0.1672,0.15,87.0
12.66,0.1672,0.15,87.0
12.664,0.1673,0.15,87.0
12.67,0.1673,0.15,87.0
12.675,0.1668,0.15,87.0
12.68,0.1669,0.15,90.0
12.686,0.167,0.15,92.0
12.691,0.1671,0.15,93.0
12.696,0.1672,0.15,94.0
12.701,0.1673,0.15,91.0
12.707,0.1674,0.15,90.0
12.712,0.1675,0.15,89.0
12.717,0.1675,0.15,89.0
12.723,0.1674,0.15,90.0
12.728,0.1675,0.15,90.0
12.733,0.1675,0.15,90.0
12.738,0.1666,0.15,90.0
12.744,0.1668,0.15,93.0
12.749,0.167,0.15,96.0
12.754,0.1661,0.15,97.0
12.759,0.1665,0.15,98.0
12.765,0.1667,0.15,96.0
12.77,0.1669,0.15,95.0
12.775,0.1665,0.15,94.0
12.78,0.1667,0.15,94.0
12.786,0.1669,0.15,92.0
12.791,0.1671,0.15,91.0
12.796,0.1672,0.15,90.0
12.801,0.1673,0.15,90.0
12.807,0.1673,0.15,89.0
12.812,0.1668,0.15,89.0
12.818,0.1669,0.15,88.0
12.823,0.1671,0.15,88.0
12.828,0.1672,0.15,90.0
12.833,0.1672,0.15,91.0
12.839,0.1674,0.15,92.0
12.844,0.1674,0.15,93.0
12.849,0.1675,0.15,91.0
12.855,0.1674,0.15,90.0
12.86,0.1674,0.15,90.0
12.864,0.1674,0.15,89.0
12.87,0.1674,0.15,90.0
12.875,0.1668,0.15,91.0
12.881,0.167,0.15,91.0
12.886,0.1671,0.15,91.0
12.891,0.1672,0.15,92.0
12.896,0.1673,0.15,93.0
12.902,0.1674,0.15,94.0
12.907,0.1674,0.15,94.0
12.912,0.1668,0.15,95.0
12.918,0.1669,0.15,96.0
12.922,0.1662,0.15,96.0
12.928,0.1665,0.15,96.0
12.933,0.1667,0.15,95.0
12.939,0.1669,0.15,94.0
12.944,0.1671,0.15,93.0
12.949,0.1672,0.15,93.0
12.954,0.1667,0.15,93.0
12.959,0.1668,0.15,93.0
12.965,0.1671,0.15,93.0
12.97,0.1672,0.15,93.0
12.975,0.1666,0.15,93.0
12.98,0.1668,0.15,92.0
12.986,0.1669,0.15,92.0
12.991,0.1671,0.15,92.0
12.996,0.1671,0.15,90.0
13.002,0.1673,0.15,88.0
13.007,0.1673,0.15,87.0
13.012,0.1667,0.15,86.0
13.017,0.1669,0.15,90.0
13.023,0.1671,0.15,91.0
13.028,0.1672,0.15,92.0
13.033,0.1672,0.15,93.0
13.039,0.1673,0.15,90.0
13.044,0.1674,0.15,89.0
13.049,0.1674,0.15,88.0
13.055,0.1668,0.15,88.0
13.06,0.167,0.15,90.0
13.065,0.1672,0.15,92.0
13.07,0.1673,0.15,93.0
13.075,0.1667,0.15,94.0
13.081,0.167,0.15,93.0
13.086,0.1661,0.15,93.0
13.091,0.1664,0.15,92.0
13.097,0.1667,0.15,92.0
13.102,0.1669,0.15,92.0
13.107,0.167,0.15,92.0
13.112,0.1665,0.15,92.0
13.117,0.1667,0.15,92.0
13.123,0.166,0.15,96.0
13.128,0.1664,0.15,99.0
13.133,0.1666,0.15,100.0
13.139,0.1668,0.15,101.0
13.144,0.167,0.15,92.0
13.149,0.1671,0.15,88.0
13.154,0.1665,0.15,84.0
13.16,0.1667,0.15,83.0
13.165,0.167,0.15,86.0
13.17,0.1671,0.15,89.0
13.176,0.1666,0.15,90.0
13.181,0.1668,0.15,90.0
13.186,0.167,0.15,90.0
13.191,0.1671,0.15,91.0
13.197,0.1672,0.15,91.0
13.202,0.1672,0.15,91.0
13.207,0.1673,0.15,90.0
13.212,0.1667,0.15,89.0
13.218,0.167,0.15,89.0
13.223,0.1671,0.15,89.0
13.228,0.1672,0.15,90.0
13.233,0.1672,0.15,91.0
13.239,0.1674,0.15,91.0
13.244,0.1674,0.15,92.0
13.249,0.1674,0.15,90.0
13.254,0.1668,0.15,90.0
13.26,0.167,0.15,89.0
13.265,0.1671,0.15,89.0
13.27,0.1672,0.15,91.0
13.275,0.1673,0.15,92.0
13.281,0.1673,0.15,93.0
13.286,0.1674,0.15,93.0
13.291,0.1674,0.15,91.0
13.297,0.1674,0.15,90.0
13.302,0.1674,0.15,90.0
13.307,0.1674,0.15,90.0
13.312,0.1671,0.15,91.0
13.318,0.1671,0.15,93.0
13.323,0.1672,0.15,94.0
13.328,0.1673,0.15,94.0
13.333,0.1673,0.15,91.0
13.339,0.1674,0.15,90.0
13.344,0.1674,0.15,90.0
13.349,0.1674,0.15,89.0
13.355,0.1668,0.15,92.0
13.36,0.167,0.15,94.0
13.365,0.1671,0.15,96.0
13.37,0.1672,0.15,97.0
13.376,0.1667,0.15,95.0
13.381,0.1669,0.15,94.0
13.386,0.167,0.15,93.0
13.391,0.1671,0.15,93.0
13.397,0.1672,0.15,90.0
13.402,0.1673,0.15,88.0
13.407,0.1673,0.15,86.0
13.412,0.1667,0.15,86.0
13.417,0.1669,0.15,90.0
13.423,0.167,0.15,91.0
13.428,0.1672,0.15,93.0
13.433,0.1672,0.15,94.0
13.439,0.1673,0.15,91.0
13.444,0.1673,0.15,90.0
13.449,0.1673,0.15,89.0
13.454,0.1667,0.15,88.0
13.46,0.1661,0.15,94.0
13.465,0.1664,0.15,99.0
13.471,0.1667,0.15,102.0
13.476,0.1663,0.15,103.0
13.481,0.1666,0.15,96.0
13.486,0.1669,0.15,91.0
13.492,0.167,0.15,90.0
13.497,0.1671,0.15,88.0
13.502,0.1673,0.15,86.0
13.508,0.1674,0.15,85.0
13.513,0.1667,0.15,84.0
13.518,0.1669,0.15,84.0
13.523,0.1671,0.15,88.0
13.529,0.1672,0.15,90.0
13.534,0.1667,0.15,91.0
13.539,0.1668,0.15,92.0
13.545,0.167,0.15,92.0
13.55,0.1671,0.15,92.0
13.555,0.1672,0.15,92.0
13.56,0.1672,0.15,92.0
13.565,0.1673,0.15,90.0
13.57,0.1673,0.15,90.0
13.576,0.167,0.15,89.0
13.581,0.1672,0.15,88.0
13.586,0.1672,0.15,90.0
13.592,0.1673,0.15,90.0
13.597,0.1673,0.15,90.0
13.602,0.1673,0.15,90.0
13.607,0.1674,0.15,90.0
13.612,0.1668,0.15,90.0
13.618,0.1669,0.15,90.0
13.623,0.1671,0.15,90.0
13.628,0.1671,0.15,91.0
13.634,0.1672,0.15,92.0
13.639,0.1673,0.15,92.0
13.644,0.1673,0.15,93.0
13.649,0.1674,0.15,91.0
13.655,0.1673,0.15,90.0
13.66,0.1673,0.15,90.0
13.665,0.1673,0.15,89.0
13.671,0.1674,0.15,90.0
13.676,0.1667,0.15,90.0
13.681,0.1669,0.15,90.0
13.686,0.167,0.15,90.0
13.691,0.1672,0.15,91.0
13.697,0.1673,0.15,92.0
13.702,0.1673,0.15,92.0
13.707,0.1674,0.15,92.0
13.713,0.1667,0.15,94.0
13.718,0.1669,0.15,95.0
13.723,0.1671,0.15,95.0
13.728,0.1672,0.15,95.0
13.734,0.1672,0.15,91.0
13.739,0.1673,0.15,89.0
13.744,0.1674,0.15,88.0
13.749,0.1674,0.15,87.0
13.755,0.1667,0.15,90.0
13.76,0.1669,0.15,93.0
13.765,0.167,0.15,94.0
13.771,0.1671,0.15,95.0
13.776,0.1666,0.15,94.0
13.781,0.1668,0.15,93.0
13.787,0.167,0.15,93.0
13.792,0.1671,0.15,93.0
13.797,0.1672,0.15,90.0
13.802,0.1673,0.15,87.0
13.807,0.1673,0.15,86.0
13.813,0.1667,0.15,85.0
13.818,0.1669,0.15,89.0
13.823,0.167,0.15,90.0
13.829,0.1672,0.15,92.0
13.834,0.1672,0.15,92.0
13.839,0.1673,0.15,90.0
13.845,0.1673,0.15,89.0
13.85,0.1674,0.15,88.0
13.855,0.1668,0.15,87.0
13.86,0.167,0.15,90.0
13.866,0.1671,0.15,91.0
13.871,0.1672,0.15,93.0
13.876,0.1666,0.15,94.0
13.881,0.1668,0.15,93.0
13.887,0.167,0.15,92.0
13.892,0.1671,0.15,92.0
13.897,0.1672,0.15,92.0
13.902,0.1672,0.15,90.0
13.908,0.1673,0.15,89.0
13.913,0.1674,0.15,88.0
13.918,0.1674,0.15,87.0
13.924,0.1675,0.15,87.0
13.929,0.1675,0.15,88.0
13.934,0.1668,0.15,88.0
13.939,0.167,0.15,88.0
13.945,0.1671,0.15,90.0
13.95,0.1672,0.15,92.0
13.955,0.1673,0.15,93.0
13.96,0.1674,0.15,94.0
13.966,0.1674,0.15,91.0
13.971,0.1674,0.15,90.0
13.976,0.1668,0.15,89.0
13.982,0.1669,0.15,88.0
13.987,0.1673,0.15,90.0
13.992,0.1674,0.15,90.0
13.997,0.1674,0.15,90.0
14.003,0.1674,0.15,90.0
14.008,0.1674,0.15,90.0
14.013,0.1668,0.15,90.0
14.018,0.167,0.15,90.0
14.024,0.1671,0.15,90.0
14.029,0.1672,0.15,91.0
14.034,0.1672,0.15,92.0
14.039,0.1673,0.15,92.0
14.044,0.1673,0.15,92.0
14.05,0.1673,0.15,91.0
14.055,0.1667,0.15,90.0
14.06,0.1669,0.15,90.0
14.066,0.167,0.15,89.0
14.071,0.1672,0.15,90.0
14.076,0.1666,0.15,90.0
14.082,0.1669,0.15,91.0
14.087,0.167,0.15,91.0
14.092,0.1672,0.15,91.0
14.097,0.1672,0.15,91.0
14.103,0.1673,0.15,90.0
14.108,0.1673,0.15,90.0
14.113,0.1668,0.15,92.0
14.118,0.167,0.15,93.0
14.124,0.1671,0.15,94.0
14.129,0.1672,0.15,94.0
14.134,0.1672,0.15,90.0
14.139,0.1673,0.15,88.0
14.145,0.1674,0.15,87.0
14.15,0.1674,0.15,86.0
14.155,0.1668,0.15,90.0
14.161,0.167,0.15,92.0
14.166,0.1672,0.15,93.0
14.171,0.1672,0.15,94.0
14.176,0.1667,0.15,93.0
14.182,0.1669,0.15,92.0
14.187,0.1671,0.15,92.0
14.192,0.1672,0.15,92.0
14.197,0.1673,0.15,89.0
14.202,0.1673,0.15,87.0
14.208,0.1673,0.15,85.0
14.213,0.1667,0.15,85.0
14.219,0.1669,0.15,89.0
14.224,0.167,0.15,90.0
14.229,0.1672,0.15,92.0
14.234,0.1672,0.15,93.0
14.24,0.1673,0.15,90.0
14.245,0.1674,0.15,89.0
14.25,0.1674,0.15,88.0
14.256,0.1675,0.15,87.0
14.261,0.1674,0.15,88.0
14.266,0.1675,0.15,88.0
14.271,0.1676,0.15,88.0
14.277,0.1669,0.15,88.0
14.282,0.167,0.15,90.0
14.287,0.1671,0.15,92.0
14.293,0.1673,0.15,93.0
14.298,0.1673,0.15,94.0
14.303,0.1674,0.15,90.0
14.308,0.1674,0.15,89.0
14.314,0.1664,0.15,88.0
14.319,0.1667,0.15,87.0
14.324,0.1669,0.15,90.0
14.329,0.167,0.15,92.0
14.335,0.1665,0.15,94.0
14.34,0.1668,0.15,95.0
14.346,0.1669,0.15,92.0
14.351,0.1671,0.15,91.0
14.356,0.1672,0.15,90.0
14.361,0.1672,0.15,90.0
14.366,0.1673,0.15,89.0
14.372,0.1674,0.15,87.0
14.377,0.1674,0.15,87.0
14.382,0.1674,0.15,86.0
14.387,0.1674,0.15,88.0
14.393,0.1674,0.15,88.0
14.398,0.1674,0.15,89.0
14.403,0.1674,0.15,89.0
14.409,0.1674,0.15,89.0
14.414,0.1668,0.15,90.0
14.419,0.167,0.15,90.0
14.424,0.1671,0.15,90.0
14.43,0.1672,0.15,90.0
14.435,0.1666,0.15,91.0
14.44,0.1668,0.15,92.0
14.445,0.167,0.15,92.0
14.45,0.1671,0.15,91.0
14.456,0.1672,0.15,91.0
14.461,0.1672,0.15,91.0
14.466,0.1673,0.15,91.0
14.471,0.1674,0.15,90.0
14.477,0.1668,0.15,88.0
14.482,0.167,0.15,88.0
14.488,0.1671,0.15,87.0
14.493,0.1672,0.15,89.0
14.498,0.1673,0.15,90.0
14.503,0.1673,0.15,90.0
14.508,0.1674,0.15,91.0
14.514,0.1674,0.15,90.0
14.519,0.1675,0.15,89.0
14.524,0.1675,0.15,89.0
14.53,0.1675,0.15,88.0
14.535,0.1668,0.15,91.0
14.541,0.167,0.15,93.0
14.546,0.1672,0.15,95.0
14.551,0.1673,0.15,95.0
14.556,0.1673,0.15,91.0
14.562,0.1673,0.15,89.0
14.567,0.1674,0.15,87.0
14.572,0.1674,0.15,86.0
14.577,0.1674,0.15,87.0
14.583,0.1674,0.15,88.0
14.588,0.1674,0.15,88.0
14.593,0.1674,0.15,88.0
14.599,0.1675,0.15,89.0
14.604,0.1675,0.15,89.0
14.609,0.1675,0.15,89.0
14.614,0.1669,0.15,90.0
14.619,0.167,0.15,91.0
14.625,0.1671,0.15,93.0
14.63,0.1672,0.15,94.0
14.635,0.1666,0.15,94.0
14.64,0.1669,0.15,93.0
14.646,0.167,0.15,92.0
14.651,0.1671,0.15,92.0
14.656,0.1672,0.15,91.0
14.662,0.1672,0.15,90.0
14.667,0.1673,0.15,88.0
14.672,0.1674,0.15,87.0
14.677,0.1674,0.15,86.0
14.683,0.1674,0.15,87.0
14.688,0.1674,0.15,87.0
14.693,0.1675,0.15,88.0
14.698,0.1674,0.15,88.0
14.704,0.1674,0.15,88.0
14.709,0.1675,0.15,89.0
14.714,0.1675,0.15,89.0
14.719,0.1674,0.15,89.0
14.724,0.1674,0.15,90.0
14.73,0.1674,0.15,90.0
14.735,0.1668,0.15,90.0
14.74,0.1669,0.15,90.0
14.746,0.1671,0.15,91.0
14.751,0.1671,0.15,92.0
14.756,0.1672,0.15,93.0
14.761,0.1673,0.15,93.0
14.766,0.1673,0.15,90.0
14.772,0.1674,0.15,89.0
14.777,0.1674,0.15,88.0
14.782,0.1674,0.15,87.0
14.788,0.1674,0.15,88.0
14.793,0.1675,0.15,88.0
14.798,0.1674,0.15,89.0
14.803,0.1674,0.15,89.0
14.809,0.1674,0.15,89.0
14.814,0.1669,0.15,89.0
14.819,0.167,0.15,89.0
14.824,0.1671,0.15,89.0
14.829,0.1672,0.15,90.0
14.835,0.1666,0.15,91.0
14.84,0.1668,0.15,91.0
14.845,0.167,0.15,92.0
14.851,0.1671,0.15,91.0
14.856,0.1672,0.15,91.0
14.861,0.1672,0.15,91.0
14.867,0.1673,0.15,90.0
14.872,0.1673,0.15,89.0
14.877,0.1668,0.15,88.0
14.882,0.167,0.15,87.0
14.887,0.1671,0.15,87.0
14.893,0.1672,0.15,89.0
14.898,0.1673,0.15,90.0
14.903,0.1673,0.15,90.0
14.909,0.1674,0.15,90.0
14.914,0.1674,0.15,90.0
14.919,0.1674,0.15,89.0
14.924,0.1674,0.15,89.0
14.93,0.1674,0.15,88.0
14.935,0.1668,0.15,91.0
14.94,0.167,0.15,93.0
14.946,0.1671,0.15,94.0
14.951,0.1672,0.15,95.0
14.956,0.1673,0.15,90.0
14.961,0.1673,0.15,88.0
14.967,0.1674,0.15,87.0
14.972,0.1674,0.15,86.0
14.977,0.1668,0.15,90.0
14.983,0.167,0.15,91.0
14.987,0.1671,0.15,92.0
14.993,0.1672,0.15,93.0
14.998,0.1672,0.15,90.0
15.004,0.1673,0.15,88.0
15.009,0.1673,0.15,86.0
15.014,0.1673,0.15,86.0
15.02,0.1674,0.15,87.0
15.025,0.1674,0.15,87.0
15.03,0.1675,0.15,88.0
15.035,0.1668,0.15,88.0
15.041,0.167,0.15,90.0
15.046,0.1671,0.15,91.0
15.051,0.1672,0.15,91.0
15.056,0.1673,0.15,92.0
15.062,0.1673,0.15,90.0
15.067,0.1673,0.15,89.0
15.072,0.1673,0.15,88.0
15.077,0.1667,0.15,87.0
15.083,0.1669,0.15,90.0
15.088,0.1671,0.15,91.0
15.093,0.1672,0.15,92.0
15.099,0.1673,0.15,92.0
15.104,0.1674,0.15,90.0
15.109,0.1674,0.15,87.0
15.114,0.1668,0.15,86.0
15.12,0.167,0.15,85.0
15.125,0.1671,0.15,88.0
15.13,0.1672,0.15,90.0
15.136,0.1666,0.15,90.0
15.141,0.1668,0.15,91.0
15.146,0.1669,0.15,91.0
15.151,0.167,0.15,91.0
15.157,0.1671,0.15,91.0
15.162,0.1672,0.15,91.0
15.167,0.1673,0.15,89.0
15.172,0.1673,0.15,87.0
15.178,0.1674,0.15,87.0
15.182,0.1674,0.15,86.0
15.188,0.1674,0.15,86.0
15.193,0.1674,0.15,87.0
15.198,0.1675,0.15,87.0
15.204,0.1675,0.15,87.0
15.209,0.1674,0.15,88.0
15.214,0.1668,0.15,88.0
15.22,0.167,0.15,89.0
15.225,0.1672,0.15,89.0
15.23,0.1672,0.15,90.0
15.236,0.1666,0.15,90.0
15.24,0.1668,0.15,90.0
15.246,0.1671,0.15,91.0
15.251,0.1672,0.15,90.0
15.257,0.1672,0.15,90.0
15.261,0.1673,0.15,90.0
15.267,0.1674,0.15,90.0
15.272,0.1674,0.15,89.0
15.277,0.1668,0.15,88.0
15.283,0.1669,0.15,88.0
15.288,0.1671,0.15,87.0
15.293,0.1671,0.15,89.0
15.298,0.1672,0.15,90.0
15.304,0.1673,0.15,90.0
15.309,0.1673,0.15,90.0
15.314,0.1667,0.15,92.0
15.319,0.1669,0.15,92.0
15.325,0.167,0.15,93.0
15.33,0.1671,0.15,93.0
15.335,0.1668,0.15,91.0
15.34,0.1659,0.15,90.0
15.346,0.1663,0.15,90.0
15.351,0.1666,0.15,89.0
15.356,0.1668,0.15,89.0
15.362,0.1669,0.15,89.0
15.367,0.1671,0.15,89.0
15.372,0.1671,0.15,89.0
15.377,0.1666,0.15,90.0
15.382,0.1657,0.15,90.0
15.387,0.1661,0.15,90.0
15.393,0.1664,0.15,90.0
15.398,0.1667,0.15,90.0
15.403,0.1672,0.15,89.0
15.408,0.1673,0.15,88.0
15.414,0.1667,0.15,88.0
15.419,0.1669,0.15,88.0
15.424,0.167,0.15,88.0
15.43,0.1671,0.15,87.0
15.435,0.1672,0.15,87.0
15.44,0.1673,0.15,86.0
15.446,0.1673,0.15,85.0
15.451,0.1674,0.15,85.0
15.456,0.1667,0.15,85.0
15.461,0.1669,0.15,88.0
15.466,0.167,0.15,90.0
15.472,0.1672,0.15,91.0
15.477,0.1666,0.15,92.0
15.482,0.1668,0.15,91.0
15.488,0.167,0.15,90.0
15.493,0.1671,0.15,90.0
15.498,0.1673,0.15,90.0
15.503,0.1673,0.15,88.0
15.509,0.1673,0.15,86.0
15.514,0.1667,0.15,85.0
15.519,0.1669,0.15,84.0
15.525,0.1671,0.15,87.0
15.53,0.1661,0.15,89.0
15.535,0.1668,0.15,90.0
15.54,0.1659,0.15,90.0
15.545,0.1663,0.15,93.0
15.551,0.1666,0.15,95.0
15.556,0.1662,0.15,97.0
15.561,0.1665,0.15,97.0
15.567,0.1667,0.15,91.0
15.572,0.1669,0.15,89.0
15.577,0.1665,0.15,86.0
15.582,0.1656,0.15,85.0
15.588,0.1661,0.15,90.0
15.593,0.1664,0.15,92.0
15.598,0.1667,0.15,94.0
15.603,0.1668,0.15,95.0
15.609,0.166,0.15,93.0
15.614,0.1657,0.15,92.0
15.619,0.1661,0.15,91.0
15.624,0.1664,0.15,90.0
15.63,0.1667,0.15,87.0
15.635,0.166,0.15,84.0
15.64,0.1664,0.15,82.0
15.646,0.1656,0.15,81.0
15.651,0.1649,0.15,92.0
15.656,0.1645,0.15,100.0
15.661,0.1652,0.15,104.0
15.667,0.1658,0.15,107.0
15.672,0.1652,0.15,98.0
15.677,0.1651,0.15,93.0
15.682,0.1657,0.15,90.0
15.688,0.1662,0.15,89.0
15.693,0.1665,0.15,82.0
15.698,0.1667,0.15,78.0
15.703,0.1669,0.15,76.0
15.709,0.167,0.15,74.0
15.714,0.1654,0.15,86.0
15.719,0.1659,0.15,92.0
15.725,0.1663,0.15,96.0
15.73,0.1666,0.15,99.0
15.735,0.1668,0.15,88.0
15.741,0.1669,0.15,81.0
15.746,0.1671,0.15,77.0
15.751,0.1672,0.15,75.0
15.757,0.1666,0.15,81.0
15.762,0.1668,0.15,85.0
15.767,0.167,0.15,88.0
15.772,0.1671,0.15,89.0
15.777,0.1666,0.15,89.0
15.782,0.1668,0.15,89.0
15.788,0.1669,0.15,89.0
15.793,0.1671,0.15,89.0
15.799,0.1672,0.15,86.0
15.804,0.1673,0.15,84.0
15.809,0.1673,0.15,82.0
15.814,0.1667,0.15,82.0
15.82,0.1669,0.15,86.0
15.825,0.167,0.15,89.0
15.83,0.1672,0.15,90.0
15.836,0.1673,0.15,91.0
15.841,0.1673,0.15,88.0
15.846,0.1663,0.15,86.0
15.851,0.1657,0.15,85.0
15.856,0.1655,0.15,84.0
15.862,0.166,0.15,92.0
15.867,0.1655,0.15,97.0
15.872,0.1648,0.15,100.0
15.878,0.1638,0.15,102.0
15.883,0.1647,0.15,103.0
15.888,0.1642,0.15,103.0
15.894,0.1639,0.15,104.0
15.899,0.1636,0.15,104.0
15.904,0.1634,0.15,104.0
15.909,0.1635,0.15,105.0
15.914,0.1627,0.15,105.0
15.919,0.1627,0.15,105.0
15.925,0.1627,0.15,102.0
15.93,0.1637,0.15,100.0
15.935,0.1637,0.15,99.0
15.941,0.1644,0.15,98.0
15.946,0.1649,0.15,84.0
15.951,0.1653,0.15,75.0
15.956,0.165,0.15,70.0
15.962,0.1654,0.15,66.0
15.967,0.1646,0.15,77.0
15.972,0.1639,0.15,84.0
15.977,0.1639,0.15,88.0
15.982,0.1635,0.15,90.0
15.988,0.1631,0.15,96.0
15.993,0.1628,0.15,100.0
15.998,0.1626,0.15,103.0
16.003,0.1627,0.15,105.0
16.009,0.1636,0.15,96.0
16.014,0.1633,0.15,90.0
16.019,0.163,0.15,88.0
16.024,0.1639,0.15,86.0
16.029,0.1635,0.15,88.0
16.035,0.1631,0.15,89.0
16.04,0.1629,0.15,90.0
16.045,0.1627,0.15,90.0
16.05,0.1625,0.15,94.0
16.056,0.1624,0.15,97.0
16.061,0.1622,0.15,99.0
16.066,0.1633,0.15,100.0
16.071,0.1641,0.15,88.0
16.077,0.1641,0.15,81.0
16.082,0.1647,0.15,76.0
16.087,0.1652,0.15,73.0
16.092,0.1655,0.15,73.0
16.097,0.1651,0.15,72.0
16.103,0.1655,0.15,72.0
16.108,0.1657,0.15,72.0
16.113,0.1649,0.15,82.0
16.119,0.1653,0.15,88.0
16.124,0.1656,0.15,90.0
16.129,0.1658,0.15,92.0
16.135,0.166,0.15,86.0
16.139,0.1662,0.15,81.0
16.145,0.1663,0.15,79.0
16.15,0.1664,0.15,77.0
16.155,0.1658,0.15,83.0
16.161,0.166,0.15,86.0
16.166,0.1661,0.15,88.0
16.171,0.1662,0.15,90.0
16.177,0.1657,0.15,90.0
16.182,0.1649,0.15,89.0
16.187,0.1653,0.15,89.0
16.192,0.1656,0.15,89.0
16.197,0.1647,0.15,93.0
16.203,0.163,0.15,96.0
16.208,0.1627,0.15,98.0
16.213,0.1625,0.15,99.0
16.218,0.1617,0.15,110.0
16.223,0.1618,0.15,117.0
16.229,0.1618,0.15,121.0
16.234,0.1618,0.15,123.0
16.239,0.1617,0.15,109.0
16.244,0.1628,0.15,101.0
16.25,0.1625,0.15,96.0
16.255,0.1627,0.15,92.0
16.26,0.1634,0.15,84.0
16.265,0.1639,0.15,78.0
16.27,0.1632,0.15,74.0
16.276,0.1638,0.15,72.0
16.281,0.1631,0.15,80.0
16.286,0.1646,0.15,86.0
16.291,0.1647,0.15,89.0
16.297,0.164,0.15,90.0
16.302,0.1642,0.15,84.0
16.307,0.1643,0.15,80.0
16.312,0.1644,0.15,78.0
16.318,0.1638,0.15,77.0
16.323,0.1641,0.15,82.0
16.328,0.1642,0.15,86.0
16.333,0.1643,0.15,88.0
16.339,0.1644,0.15,89.0
16.344,0.1654,0.15,82.0
16.349,0.1662,0.15,78.0
16.355,0.166,0.15,76.0
16.36,0.1657,0.15,74.0
16.365,0.1654,0.15,80.0
16.37,0.1662,0.15,83.0
16.376,0.1658,0.15,85.0
16.381,0.1665,0.15,86.0
16.386,0.167,0.15,79.0
16.391,0.1674,0.15,75.0
16.397,0.167,0.15,72.0
16.402,0.1662,0.15,71.0
16.407,0.1656,0.15,85.0
16.412,0.1651,0.15,92.0
16.418,0.1642,0.15,97.0
16.423,0.1641,0.15,101.0
16.428,0.164,0.15,103.0
16.433,0.1639,0.15,105.0
16.439,0.1639,0.15,106.0
16.444,0.1639,0.15,107.0
16.449,0.1628,0.15,105.0
16.455,0.1618,0.15,105.0
16.46,0.1621,0.15,104.0
16.465,0.1622,0.15,104.0
16.47,0.1624,0.15,100.0
16.475,0.1621,0.15,97.0
16.481,0.1611,0.15,96.0
16.486,0.1603,0.15,95.0
16.491,0.1607,0.15,101.0
16.496,0.1609,0.15,105.0
16.501,0.16,0.15,107.0
16.506,0.1593,0.15,108.0
16.512,0.1597,0.15,105.0
16.517,0.1593,0.15,104.0
16.522,0.1598,0.15,103.0
16.527,0.159,0.15,102.0
16.532,0.1592,0.15,99.0
16.537,0.1594,0.15,97.0
16.543,0.1604,0.15,96.0
16.548,0.1593,0.15,96.0
16.553,0.1592,0.15,93.0
16.558,0.1592,0.15,92.0
16.563,0.1591,0.15,91.0
16.568,0.1581,0.15,90.0
16.574,0.1572,0.15,100.0
16.579,0.1564,0.15,106.0
16.583,0.1558,0.15,110.0
16.589,0.1564,0.15,112.0
16.594,0.1568,0.15,105.0
16.599,0.1571,0.15,101.0
16.604,0.1563,0.15,99.0
16.609,0.1556,0.15,97.0
16.614,0.156,0.15,98.0
16.62,0.1563,0.15,99.0
16.625,0.1565,0.15,100.0
16.63,0.1566,0.15,100.0
16.635,0.1561,0.15,96.0
16.64,0.1573,0.15,93.0
16.645,0.1561,0.15,92.0
16.65,0.1561,0.15,91.0
16.655,0.1555,0.15,93.0
16.66,0.1557,0.15,95.0
16.665,0.1567,0.15,96.0
16.671,0.1575,0.15,97.0
16.676,0.1574,0.15,85.0
16.681,0.158,0.15,78.0
16.686,0.1577,0.15,73.0
16.691,0.1571,0.15,70.0
16.696,0.1569,0.15,81.0
16.701,0.1574,0.15,87.0
16.707,0.1569,0.15,90.0
16.712,0.1562,0.15,93.0
16.716,0.1548,0.15,93.0
16.721,0.1546,0.15,93.0
16.726,0.1545,0.15,93.0
16.731,0.1547,0.15,93.0
16.736,0.154,0.15,93.0
16.741,0.154,0.15,93.0
16.747,0.155,0.15,101.0
16.751,0.1549,0.15,101.0
16.757,0.1537,0.15,101.0
16.761,0.1548,0.15,101.0
16.766,0.1544,0.15,101.0
16.771,0.1542,0.15,101.0
16.776,0.1534,0.15,101.0
16.781,0.1533,0.15,101.0
16.786,0.1533,0.15,101.0
16.791,0.1533,0.15,101.0
16.796,0.1524,0.15,101.0
16.801,0.1517,0.15,101.0
16.806,0.1509,0.15,101.0
16.811,0.1513,0.15,101.0
16.816,0.1516,0.15,101.0
16.821,0.1528,0.15,101.0
16.826,0.1537,0.15,101.0
16.831,0.1543,0.15,101.0
16.836,0.1536,0.15,101.0
16.841,0.1531,0.15,101.0
16.846,0.1536,0.15,101.0
16.851,0.1541,0.15,101.0
16.856,0.1543,0.15,101.0
16.861,0.1534,0.15,101.0
16.866,0.1527,0.15,101.0
16.871,0.1521,0.15,101.0
16.876,0.152,0.15,101.0
16.881,0.1525,0.15,101.0
16.885,0.1509,0.15,101.0
16.891,0.1518,0.15,101.0
16.896,0.1506,0.15,101.0
16.9,0.1504,0.15,101.0
16.905,0.1501,0.15,101.0
16.91,0.151,0.15,101.0
16.915,0.15,0.15,101.0
16.92,0.1487,0.15,101.0
16.925,0.1478,0.15,101.0
16.93,0.1471,0.15,101.0
16.935,0.1468,0.15,101.0
16.939,0.1463,0.15,101.0
16.944,0.1469,0.15,101.0
16.949,0.1473,0.15,101.0
16.954,0.1476,0.15,101.0
16.959,0.1478,0.15,101.0
16.964,0.148,0.15,101.0
16.969,0.1491,0.15,101.0
16.974,0.1491,0.15,101.0
16.979,0.149,0.15,101.0
16.984,0.1498,0.15,101.0
16.988,0.1504,0.15,101.0
16.994,0.1518,0.15,101.0
16.998,0.1513,0.15,101.0
17.003,0.1504,0.15,101.0
17.008,0.1497,0.15,101.0
17.013,0.1502,0.15,101.0
17.018,0.1505,0.15,101.0
17.023,0.1508,0.15,101.0
17.028,0.1509,0.15,101.0
17.033,0.1513,0.15,101.0
17.038,0.1523,0.15,101.0
17.043,0.151,0.15,101.0
17.048,0.1499,0.15,101.0
17.053,0.1491,0.15,101.0
17.058,0.1496,0.15,101.0
17.062,0.1499,0.15,101.0
17.068,0.1493,0.15,101.0
17.072,0.1496,0.15,101.0
17.077,0.1492,0.15,101.0
17.082,0.1496,0.15,101.0
17.087,0.1498,0.15,101.0
17.092,0.15,0.15,101.0
17.097,0.1483,0.15,101.0
17.102,0.1476,0.15,101.0
17.107,0.1472,0.15,101.0
17.112,0.1469,0.15,101.0
17.117,0.1476,0.15,101.0
17.121,0.1481,0.15,101.0
17.126,0.1485,0.15,101.0
17.131,0.1488,0.15,101.0
17.136,0.1484,0.15,101.0
17.141,0.1487,0.15,101.0
17.146,0.1489,0.15,101.0
17.151,0.1491,0.15,101.0
17.155,0.1488,0.15,101.0
17.161,0.149,0.15,101.0
17.165,0.148,0.15,101.0
17.17,0.1473,0.15,101.0
17.175,0.1479,0.15,101.0
17.18,0.1472,0.15,101.0
17.184,0.1466,0.15,101.0
17.19,0.1463,0.15,101.0
17.194,0.1459,0.15,101.0
17.199,0.1456,0.15,101.0
17.204,0.1454,0.15,101.0
17.209,0.1453,0.15,101.0
17.214,0.1452,0.15,101.0
17.219,0.1444,0.15,115.0
17.224,0.1448,0.15,123.0
17.229,0.1448,0.15,127.0
17.234,0.1458,0.15,127.0
17.238,0.1465,0.15,127.0
17.243,0.1462,0.15,127.0
17.248,0.1468,0.15,127.0
17.253,0.1473,0.15,127.0
17.258,0.1466,0.15,127.0
17.263,0.1464,0.15,127.0
17.268,0.1459,0.15,127.0
17.273,0.1466,0.15,127.0
17.277,0.1465,0.15,127.0
17.282,0.147,0.15,127.0
17.287,0.1474,0.15,127.0
17.292,0.1466,0.15,127.0
17.297,0.146,0.15,127.0
17.302,0.1455,0.15,127.0
17.306,0.1451,0.15,127.0
17.312,0.1448,0.15,112.0
17.316,0.1455,0.15,112.0
17.321,0.1461,0.15,112.0
17.326,0.1465,0.15,112.0
17.331,0.148,0.15,112.0
17.336,0.1479,0.15,112.0
17.341,0.1479,0.15,112.0
17.345,0.1479,0.15,112.0
17.351,0.1478,0.15,112.0
17.355,0.1474,0.15,112.0
17.36,0.1475,0.15,112.0
17.365,0.1476,0.15,112.0
17.37,0.1476,0.15,112.0
17.375,0.147,0.15,112.0
17.38,0.1472,0.15,112.0
17.384,0.1464,0.15,112.0
17.389,0.1458,0.15,112.0
17.394,0.1453,0.15,112.0
17.399,0.1464,0.15,112.0
17.404,0.1458,0.15,112.0
17.409,0.1453,0.15,112.0
17.414,0.145,0.15,104.0
17.419,0.1441,0.15,99.0
17.423,0.1441,0.15,96.0
17.428,0.1442,0.15,94.0
17.433,0.1453,0.15,94.0
17.438,0.1461,0.15,94.0
17.443,0.1458,0.15,94.0
17.447,0.1454,0.15,94.0
17.452,0.1452,0.15,94.0
17.457,0.1445,0.15,96.0
17.462,0.1458,0.15,96.0
17.467,0.1456,0.15,96.0
17.472,0.1454,0.15,96.0
17.477,0.1453,0.15,96.0
17.481,0.1464,0.15,96.0
17.486,0.1472,0.15,96.0
17.491,0.1457,0.15,96.0
17.496,0.1457,0.15,96.0
17.501,0.1458,0.15,96.0
17.505,0.146,0.15,96.0
17.51,0.1459,0.15,96.0
17.515,0.1459,0.15,96.0
17.52,0.148,0.15,96.0
17.525,0.1477,0.15,96.0
17.53,0.1484,0.15,96.0
17.534,0.1489,0.15,96.0
17.539,0.1493,0.15,96.0
17.544,0.1496,0.15,96.0
17.549,0.1498,0.15,96.0
17.554,0.1501,0.15,96.0
17.559,0.1495,0.15,96.0
17.564,0.1488,0.15,96.0
17.568,0.1483,0.15,96.0
17.573,0.148,0.15,96.0
17.578,0.1477,0.15,96.0
17.583,0.1496,0.15,96.0
17.588,0.15,0.15,96.0
17.593,0.1504,0.15,96.0
17.598,0.1516,0.15,96.0
17.603,0.1504,0.15,96.0
17.608,0.1496,0.15,96.0
17.613,0.151,0.15,96.0
17.617,0.1494,0.15,96.0
17.622,0.1509,0.15,96.0
17.627,0.1498,0.15,96.0
17.632,0.1503,0.15,96.0
17.637,0.1494,0.15,96.0
17.642,0.1509,0.15,96.0
17.647,0.1498,0.15,96.0
17.651,0.1503,0.15,96.0
17.656,0.1494,0.15,96.0
17.661,0.1488,0.15,96.0
17.666,0.1504,0.15,96.0
17.671,0.1497,0.15,96.0
17.676,0.1489,0.15,96.0
17.681,0.1484,0.15,96.0
17.686,0.1492,0.15,96.0
17.691,0.1488,0.15,96.0
17.695,0.1482,0.15,96.0
17.7,0.1489,0.15,96.0
17.705,0.1483,0.15,96.0
17.71,0.1489,0.15,96.0
17.714,0.1483,0.15,96.0
17.72,0.1479,0.15,96.0
17.725,0.1477,0.15,96.0
17.729,0.1477,0.15,96.0
17.734,0.1484,0.15,96.0
17.739,0.148,0.15,96.0
17.744,0.1477,0.15,96.0
17.749,0.1477,0.15,96.0
17.753,0.1484,0.15,96.0
17.759,0.149,0.15,96.0
17.763,0.1493,0.15,96.0
17.768,0.1499,0.15,96.0
17.773,0.15,0.15,96.0
17.778,0.1507,0.15,96.0
17.783,0.1506,0.15,96.0
17.788,0.1507,0.15,96.0
17.793,0.1507,0.15,96.0
17.798,0.15,0.15,96.0
17.802,0.1505,0.15,96.0
17.807,0.1505,0.15,96.0
17.812,0.1505,0.15,96.0
17.817,0.1505,0.15,96.0
17.822,0.1507,0.15,96.0
17.826,0.1507,0.15,96.0
17.832,0.1497,0.15,96.0
17.836,0.1495,0.15,96.0
17.841,0.1488,0.15,96.0
17.846,0.1493,0.15,96.0
17.851,0.1499,0.15,96.0
17.856,0.1493,0.15,96.0
17.861,0.1487,0.15,96.0
17.866,0.1491,0.15,96.0
17.871,0.1485,0.15,96.0
17.876,0.149,0.15,96.0
17.88,0.1494,0.15,96.0
17.885,0.1497,0.15,96.0
17.89,0.1493,0.15,96.0
17.895,0.1496,0.15,96.0
17.9,0.1498,0.15,96.0
17.905,0.15,0.15,96.0
17.91,0.1514,0.15,96.0
17.915,0.1512,0.15,96.0
17.919,0.15,0.15,96.0
17.924,0.1513,0.15,96.0
17.929,0.1511,0.15,96.0
17.934,0.1509,0.15,96.0
17.939,0.1513,0.15,96.0
17.944,0.1503,0.15,96.0
17.949,0.1504,0.15,96.0
17.953,0.1504,0.15,96.0
17.958,0.1496,0.15,96.0
17.964,0.1501,0.15,96.0
17.968,0.1502,0.15,96.0
17.973,0.1503,0.15,96.0
17.978,0.1496,0.15,96.0
17.983,0.1499,0.15,96.0
17.988,0.15,0.15,96.0
17.993,0.1502,0.15,96.0
17.998,0.1496,0.15,96.0
18.002,0.1499,0.15,96.0
18.007,0.1501,0.15,96.0
18.012,0.1492,0.15,96.0
18.017,0.1486,0.15,96.0
18.022,0.1491,0.15,96.0
18.027,0.1487,0.15,96.0
18.031,0.1482,0.15,96.0
18.036,0.1482,0.15,96.0
18.041,0.15,0.15,96.0
18.046,0.1495,0.15,96.0
18.051,0.1497,0.15,96.0
18.056,0.149,0.15,96.0
18.061,0.1484,0.15,96.0
18.066,0.1491,0.15,96.0
18.07,0.1485,0.15,96.0
18.075,0.1482,0.15,96.0
18.08,0.1488,0.15,96.0
18.085,0.1492,0.15,96.0
18.09,0.1487,0.15,96.0
18.095,0.1491,0.15,96.0
18.1,0.1507,0.15,96.0
18.105,0.1507,0.15,96.0
18.109,0.1497,0.15,96.0
18.114,0.1491,0.15,96.0
18.119,0.1479,0.15,96.0
18.124,0.1486,0.15,96.0
18.129,0.1491,0.15,96.0
18.134,0.1495,0.15,96.0
18.138,0.1497,0.15,96.0
18.144,0.1502,0.15,96.0
18.148,0.1503,0.15,96.0
18.153,0.1494,0.15,96.0
18.158,0.149,0.15,96.0
18.163,0.1487,0.15,96.0
18.168,0.1491,0.15,96.0
18.173,0.1495,0.15,96.0
18.178,0.1491,0.15,96.0
18.182,0.1488,0.15,96.0
18.187,0.1492,0.15,96.0
18.192,0.1487,0.15,96.0
18.197,0.1492,0.15,96.0
18.202,0.1495,0.15,96.0
18.207,0.1498,0.15,96.0
18.212,0.15,0.15,96.0
18.217,0.1506,0.15,96.0
18.222,0.1518,0.15,96.0
18.227,0.1514,0.15,96.0
18.231,0.1514,0.15,96.0
18.236,0.1506,0.15,96.0
18.241,0.1517,0.15,96.0
18.246,0.1515,0.15,96.0
18.25,0.1512,0.15,96.0
18.256,0.1511,0.15,96.0
18.261,0.15,0.15,96.0
18.265,0.1504,0.15,96.0
18.27,0.1495,0.15,96.0
18.275,0.1497,0.15,96.0
18.28,0.1499,0.15,96.0
18.285,0.1501,0.15,96.0
18.29,0.1502,0.15,96.0
18.295,0.1503,0.15,96.0
18.299,0.1497,0.15,96.0
18.305,0.1499,0.15,96.0
18.309,0.1501,0.15,96.0
18.314,0.1495,0.15,96.0
18.319,0.1491,0.15,96.0
18.324,0.1495,0.15,96.0
18.329,0.1488,0.15,96.0
18.334,0.1493,0.15,96.0
18.339,0.1496,0.15,96.0
18.344,0.1499,0.15,96.0
18.348,0.15,0.15,96.0
18.353,0.1514,0.15,96.0
18.358,0.1505,0.15,96.0
18.363,0.1516,0.15,96.0
18.368,0.1513,0.15,96.0
18.373,0.1501,0.15,96.0
18.378,0.1508,0.15,96.0
18.383,0.1497,0.15,96.0
18.387,0.1493,0.15,96.0
18.392,0.1496,0.15,96.0
18.397,0.1498,0.15,96.0
18.402,0.1492,0.15,96.0
18.407,0.1488,0.15,96.0
18.412,0.1486,0.15,96.0
18.417,0.1485,0.15,96.0
18.422,0.1501,0.15,96.0
18.426,0.1493,0.15,96.0
18.431,0.1496,0.15,96.0
18.436,0.149,0.15,96.0
18.441,0.1505,0.15,96.0
18.446,0.1506,0.15,96.0
18.451,0.1505,0.15,96.0
18.456,0.1505,0.15,96.0
18.461,0.1505,0.15,96.0
18.465,0.1517,0.15,96.0
18.47,0.1514,0.15,96.0
18.475,0.1514,0.15,96.0
18.48,0.1512,0.15,96.0
18.485,0.151,0.15,96.0
18.49,0.1512,0.15,96.0
18.495,0.1501,0.15,96.0
18.5,0.1495,0.15,96.0
18.504,0.1498,0.15,96.0
18.509,0.149,0.15,96.0
18.514,0.1506,0.15,96.0
18.519,0.1505,0.15,96.0
18.524,0.1517,0.15,96.0
18.529,0.1517,0.15,96.0
18.534,0.1505,0.15,96.0
18.538,0.1505,0.15,96.0
18.543,0.1496,0.15,96.0
18.548,0.15,0.15,96.0
18.553,0.1502,0.15,96.0
18.558,0.1496,0.15,96.0
18.563,0.1491,0.15,96.0
18.568,0.1485,0.15,96.0
18.572,0.149,0.15,96.0
18.578,0.1484,0.15,96.0
18.582,0.149,0.15,96.0
18.587,0.1497,0.15,96.0
18.592,0.1499,0.15,96.0
18.597,0.1494,0.15,96.0
18.602,0.1508,0.15,96.0
18.606,0.1508,0.15,96.0
18.612,0.1507,0.15,96.0
18.617,0.1491,0.15,96.0
18.621,0.1494,0.15,96.0
18.626,0.149,0.15,96.0
18.631,0.1494,0.15,96.0
18.636,0.1498,0.15,96.0
18.641,0.1499,0.15,96.0
18.646,0.1494,0.15,96.0
18.651,0.1497,0.15,96.0
18.656,0.1511,0.15,96.0
18.66,0.151,0.15,96.0
18.665,0.1509,0.15,96.0
18.67,0.1508,0.15,96.0
18.675,0.1507,0.15,96.0
18.68,0.1512,0.15,96.0
18.685,0.1501,0.15,96.0
18.69,0.1492,0.15,96.0
18.694,0.1488,0.15,96.0
18.699,0.1483,0.15,96.0
18.704,0.1479,0.15,96.0
18.709,0.1476,0.15,96.0
18.714,0.1484,0.15,96.0
18.718,0.1481,0.15,96.0
18.723,0.1489,0.15,96.0
18.728,0.1494,0.15,96.0
18.733,0.1497,0.15,96.0
18.738,0.1493,0.15,96.0
18.743,0.1486,0.15,96.0
18.748,0.1491,0.15,96.0
18.753,0.1484,0.15,96.0
18.758,0.1492,0.15,96.0
18.763,0.1495,0.15,96.0
18.768,0.1498,0.15,96.0
18.772,0.15,0.15,96.0
18.777,0.1506,0.15,96.0
18.782,0.1506,0.15,96.0
18.787,0.1518,0.15,96.0
18.792,0.1505,0.15,96.0
18.797,0.1505,0.15,96.0
18.802,0.1495,0.15,96.0
18.807,0.15,0.15,96.0
18.811,0.1502,0.15,96.0
18.816,0.1514,0.15,96.0
18.821,0.1524,0.15,96.0
18.826,0.1519,0.15,96.0
18.831,0.1516,0.15,96.0
18.836,0.1513,0.15,96.0
18.841,0.1511,0.15,96.0
18.845,0.15,0.15,96.0
18.851,0.1492,0.15,96.0
18.855,0.1496,0.15,96.0
18.86,0.1482,0.15,96.0
18.865,0.1481,0.15,96.0
18.87,0.1488,0.15,96.0
18.875,0.1492,0.15,96.0
18.88,0.1489,0.15,96.0
18.884,0.1483,0.15,96.0
18.889,0.1489,0.15,96.0
18.894,0.1485,0.15,96.0
18.899,0.149,0.15,96.0
18.904,0.1497,0.15,96.0
18.909,0.1489,0.15,96.0
18.914,0.1484,0.15,96.0
18.919,0.1481,0.15,96.0
18.923,0.1488,0.15,96.0
18.928,0.1483,0.15,96.0
18.933,0.148,0.15,96.0
18.938,0.148,0.15,96.0
18.943,0.1486,0.15,96.0
18.948,0.1491,0.15,96.0
18.953,0.1485,0.15,96.0
18.957,0.1484,0.15,96.0
18.962,0.149,0.15,96.0
18.967,0.1494,0.15,96.0
18.972,0.1497,0.15,96.0
18.977,0.1489,0.15,96.0
18.982,0.1493,0.15,96.0
18.987,0.1496,0.15,96.0
18.991,0.1499,0.15,96.0
18.996,0.15,0.15,96.0
19.001,0.1492,0.15,96.0
19.006,0.1496,0.15,96.0
19.011,0.1509,0.15,96.0
19.016,0.152,0.15,96.0
19.021,0.1516,0.15,96.0
19.026,0.1516,0.15,96.0
19.031,0.1506,0.15,96.0
19.036,0.1506,0.15,96.0
19.04,0.1511,0.15,96.0
19.045,0.1502,0.15,96.0
19.05,0.1495,0.15,96.0
19.055,0.1487,0.15,96.0
19.06,0.1492,0.15,96.0
19.065,0.1497,0.15,96.0
19.07,0.149,0.15,96.0
19.074,0.1505,0.15,96.0
19.079,0.1505,0.15,96.0
19.084,0.1505,0.15,96.0
19.089,0.1506,0.15,96.0
19.094,0.1505,0.15,96.0
19.099,0.1499,0.15,96.0
19.103,0.1501,0.15,96.0
19.108,0.1502,0.15,96.0
19.113,0.1503,0.15,96.0
19.118,0.1509,0.15,96.0
19.123,0.1508,0.15,96.0
19.128,0.1519,0.15,96.0
19.133,0.1516,0.15,96.0
19.138,0.1504,0.15,96.0
19.143,0.1505,0.15,96.0
19.148,0.1507,0.15,96.0
19.153,0.1507,0.15,96.0
19.158,0.1507,0.15,96.0
19.163,0.1507,0.15,96.0
19.167,0.1507,0.15,96.0
19.172,0.1518,0.15,96.0
19.177,0.1502,0.15,96.0
19.182,0.1495,0.15,96.0
19.187,0.1498,0.15,96.0
19.192,0.15,0.15,96.0
19.196,0.1493,0.15,96.0
19.201,0.1496,0.15,96.0
19.206,0.1498,0.15,96.0
19.211,0.1503,0.15,96.0
19.216,0.1504,0.15,96.0
19.221,0.1504,0.15,96.0
19.226,0.1505,0.15,96.0
19.231,0.1505,0.15,96.0
19.235,0.1505,0.15,96.0
19.241,0.1506,0.15,96.0
19.245,0.1505,0.15,96.0
19.25,0.1506,0.15,96.0
19.255,0.1496,0.15,96.0
19.26,0.1492,0.15,96.0
19.265,0.1496,0.15,96.0
19.27,0.1498,0.15,96.0
19.275,0.149,0.15,96.0
19.279,0.1494,0.15,96.0
19.284,0.1487,0.15,96.0
19.289,0.1492,0.15,96.0
19.294,0.1496,0.15,96.0
19.299,0.1491,0.15,96.0
19.304,0.1495,0.15,96.0
19.309,0.1489,0.15,96.0
19.314,0.1493,0.15,96.0
19.319,0.1492,0.15,96.0
19.323,0.1496,0.15,96.0
19.328,0.1488,0.15,96.0
19.333,0.1486,0.15,96.0
19.338,0.1481,0.15,96.0
19.343,0.1487,0.15,96.0
19.347,0.1482,0.15,96.0
19.353,0.1488,0.15,96.0
19.357,0.1482,0.15,96.0
19.362,0.1488,0.15,96.0
19.367,0.1483,0.15,96.0
19.372,0.1489,0.15,96.0
19.376,0.1484,0.15,96.0
19.382,0.1489,0.15,96.0
19.386,0.1493,0.15,96.0
19.391,0.1496,0.15,96.0
19.396,0.1492,0.15,96.0
19.401,0.1486,0.15,96.0
19.406,0.1491,0.15,96.0
19.411,0.1494,0.15,96.0
19.416,0.1497,0.15,96.0
19.421,0.1493,0.15,96.0
19.425,0.1488,0.15,96.0
19.43,0.1492,0.15,96.0
19.435,0.1496,0.15,96.0
19.44,0.1488,0.15,96.0
19.445,0.1484,0.15,96.0
19.45,0.149,0.15,96.0
19.454,0.1494,0.15,96.0
19.459,0.1497,0.15,96.0
19.464,0.1499,0.15,96.0
19.47,0.1503,0.15,96.0
19.474,0.1504,0.15,96.0
19.479,0.1499,0.15,96.0
19.484,0.15,0.15,96.0
19.489,0.1513,0.15,96.0
19.494,0.1511,0.15,96.0
19.499,0.1504,0.15,96.0
19.503,0.1504,0.15,96.0
19.508,0.1505,0.15,96.0
19.513,0.1505,0.15,96.0
19.518,0.1505,0.15,96.0
19.523,0.1496,0.15,96.0
19.528,0.1498,0.15,96.0
19.533,0.15,0.15,96.0
19.538,0.1495,0.15,96.0
19.542,0.1498,0.15,96.0
19.547,0.15,0.15,96.0
19.552,0.1502,0.15,96.0
19.557,0.1496,0.15,96.0
19.562,0.1498,0.15,96.0
19.566,0.15,0.15,96.0
19.572,0.1501,0.15,96.0
19.576,0.1493,0.15,96.0
19.581,0.1496,0.15,96.0
19.586,0.1498,0.15,96.0
19.591,0.1491,0.15,96.0
19.596,0.1494,0.15,96.0
19.601,0.1509,0.15,96.0
19.606,0.1508,0.15,96.0
19.611,0.1519,0.15,96.0
19.615,0.1516,0.15,96.0
19.62,0.1504,0.15,96.0
19.625,0.1504,0.15,96.0
19.63,0.1504,0.15,96.0
19.635,0.1505,0.15,96.0
19.64,0.1498,0.15,96.0
19.645,0.1512,0.15,96.0
19.65,0.151,0.15,96.0
19.655,0.1521,0.15,96.0
19.66,0.1517,0.15,96.0
19.664,0.1515,0.15,96.0
19.669,0.1504,0.15,96.0
19.674,0.1496,0.15,96.0
19.679,0.149,0.15,96.0
19.684,0.1494,0.15,96.0
19.689,0.1488,0.15,96.0
19.694,0.1484,0.15,96.0
19.699,0.1483,0.15,96.0
19.704,0.15,0.15,96.0
19.708,0.1502,0.15,96.0
19.713,0.1506,0.15,96.0
19.718,0.1506,0.15,96.0
19.723,0.1506,0.15,96.0
19.728,0.1498,0.15,96.0
19.733,0.15,0.15,96.0
19.738,0.1502,0.15,96.0
19.743,0.1504,0.15,96.0
19.748,0.1516,0.15,96.0
19.753,0.1503,0.15,96.0
19.757,0.1507,0.15,96.0
19.762,0.1507,0.15,96.0
19.767,0.1518,0.15,96.0
19.772,0.1509,0.15,96.0
19.777,0.1508,0.15,96.0
19.782,0.1508,0.15,96.0
19.787,0.1507,0.15,96.0
19.792,0.1501,0.15,96.0
19.796,0.1503,0.15,96.0
19.801,0.1504,0.15,96.0
19.806,0.1504,0.15,96.0
19.811,0.1499,0.15,96.0
19.816,0.1501,0.15,96.0
19.82,0.1496,0.15,96.0
19.825,0.1498,0.15,96.0
19.83,0.149,0.15,96.0
19.835,0.1494,0.15,96.0
19.84,0.1497,0.15,96.0
19.845,0.1499,0.15,96.0
19.85,0.1513,0.15,96.0
19.855,0.1522,0.15,96.0
19.86,0.1514,0.15,96.0
19.865,0.1514,0.15,96.0
19.869,0.1512,0.15,96.0
19.874,0.1511,0.15,96.0
19.879,0.1496,0.15,96.0
19.884,0.1498,0.15,96.0
19.889,0.1501,0.15,96.0
19.894,0.1502,0.15,96.0
19.899,0.1499,0.15,96.0
19.904,0.1512,0.15,96.0
19.909,0.1511,0.15,96.0
19.913,0.1509,0.15,96.0
19.918,0.1509,0.15,96.0
19.923,0.1508,0.15,96.0
19.928,0.1508,0.15,96.0
19.933,0.1508,0.15,96.0
19.938,0.1501,0.15,96.0
19.943,0.1502,0.15,96.0
19.947,0.1503,0.15,96.0
19.952,0.1516,0.15,96.0
19.957,0.1504,0.15,96.0
19.962,0.1504,0.15,96.0
19.967,0.1495,0.15,96.0
19.972,0.1498,0.15,96.0
19.977,0.149,0.15,96.0
19.982,0.1494,0.15,96.0
19.987,0.1498,0.15,96.0
19.991,0.149,0.15,96.0
19.996,0.1485,0.15,96.0
20.001,0.1483,0.15,96.0
20.006,0.1501,0.15,96.0
20.011,0.1502,0.15,96.0
20.016,0.1503,0.15,96.0
20.02,0.1511,0.15,96.0
20.025,0.151,0.15,96.0
20.03,0.1521,0.15,96.0
20.035,0.1509,0.15,96.0
20.04,0.1499,0.15,96.0
20.045,0.1501,0.15,96.0
20.05,0.1502,0.15,96.0
20.055,0.1514,0.15,96.0
20.059,0.1512,0.15,96.0
20.064,0.1501,0.15,96.0
20.069,0.1492,0.15,96.0
20.074,0.1488,0.15,96.0
20.079,0.1486,0.15,96.0
20.084,0.1503,0.15,96.0
20.089,0.1505,0.15,96.0
20.094,0.1495,0.15,96.0
20.099,0.1498,0.15,96.0
20.104,0.15,0.15,96.0
20.108,0.1501,0.15,96.0
20.114,0.1514,0.15,96.0
20.118,0.1508,0.15,96.0
20.123,0.1509,0.15,96.0
20.128,0.1509,0.15,96.0
20.133,0.1508,0.15,96.0
20.138,0.1513,0.15,96.0
20.143,0.1511,0.15,96.0
20.148,0.151,0.15,96.0
20.152,0.1499,0.15,96.0
20.157,0.1501,0.15,96.0
20.162,0.1502,0.15,96.0
20.167,0.1503,0.15,96.0
20.172,0.1504,0.15,96.0
20.177,0.1504,0.15,96.0
20.182,0.1505,0.15,96.0
20.186,0.1505,0.15,96.0
20.191,0.1506,0.15,96.0
20.196,0.1506,0.15,96.0
20.201,0.1496,0.15,96.0
20.206,0.15,0.15,96.0
20.211,0.1502,0.15,96.0
20.216,0.1503,0.15,96.0
20.221,0.1504,0.15,96.0
20.226,0.1516,0.15,96.0
20.23,0.1514,0.15,96.0
20.235,0.1503,0.15,96.0
20.24,0.1503,0.15,96.0
20.245,0.1495,0.15,96.0
20.25,0.1497,0.15,96.0
20.255,0.149,0.15,96.0
20.26,0.1488,0.15,96.0
20.265,0.1492,0.15,96.0
20.269,0.1486,0.15,96.0
20.274,0.1491,0.15,96.0
20.279,0.1479,0.15,96.0
20.284,0.1486,0.15,96.0
20.289,0.1491,0.15,96.0
20.293,0.1495,0.15,96.0
20.299,0.1497,0.15,96.0
20.303,0.1499,0.15,96.0
20.308,0.1501,0.15,96.0
20.313,0.1502,0.15,96.0
20.318,0.1488,0.15,96.0
20.323,0.1495,0.15,96.0
20.328,0.1488,0.15,96.0
20.333,0.1493,0.15,96.0
20.338,0.1496,0.15,96.0
20.342,0.1489,0.15,96.0
20.347,0.1483,0.15,96.0
20.352,0.1479,0.15,96.0
20.357,0.1486,0.15,96.0
20.362,0.1494,0.15,96.0
20.367,0.1487,0.15,96.0
20.372,0.1503,0.15,96.0
20.377,0.1504,0.15,96.0
20.381,0.1504,0.15,96.0
20.386,0.1516,0.15,96.0
20.391,0.1514,0.15,96.0
20.396,0.1512,0.15,96.0
20.401,0.1495,0.15,96.0
20.405,0.1498,0.15,96.0
20.411,0.1491,0.15,96.0
20.415,0.1494,0.15,96.0
20.42,0.1497,0.15,96.0
20.425,0.1499,0.15,96.0
20.43,0.1504,0.15,96.0
20.435,0.1504,0.15,96.0
20.44,0.1498,0.15,96.0
20.445,0.1503,0.15,96.0
20.45,0.1504,0.15,96.0
20.454,0.1504,0.15,96.0
20.459,0.151,0.15,96.0
20.465,0.1509,0.15,96.0
20.469,0.1508,0.15,96.0
20.474,0.1507,0.15,96.0
20.479,0.1507,0.15,96.0
20.484,0.1498,0.15,96.0
20.489,0.1499,0.15,96.0
20.494,0.1501,0.15,96.0
20.498,0.1486,0.15,96.0
20.503,0.1484,0.15,96.0
20.508,0.148,0.15,96.0
20.513,0.1477,0.15,96.0
20.518,0.1478,0.15,96.0
20.523,0.1485,0.15,96.0
20.528,0.149,0.15,96.0
20.532,0.1494,0.15,96.0
20.537,0.1497,0.15,96.0
20.542,0.1499,0.15,96.0
20.547,0.1491,0.15,96.0
20.552,0.1485,0.15,96.0
20.557,0.1483,0.15,96.0
20.562,0.1491,0.15,96.0
20.566,0.1485,0.15,96.0
20.571,0.149,0.15,96.0
20.576,0.1495,0.15,96.0
20.581,0.1494,0.15,96.0
20.586,0.1497,0.15,96.0
20.591,0.1499,0.15,96.0
20.595,0.1501,0.15,96.0
20.601,0.1504,0.15,96.0
20.606,0.1505,0.15,96.0
20.61,0.1495,0.15,96.0
20.615,0.149,0.15,96.0
20.62,0.1481,0.15,96.0
20.625,0.1477,0.15,96.0
20.63,0.1484,0.15,96.0
20.634,0.1481,0.15,96.0
20.639,0.1492,0.15,96.0
20.644,0.1495,0.15,96.0
20.649,0.1498,0.15,96.0
20.654,0.15,0.15,96.0
20.659,0.1491,0.15,96.0
20.664,0.1488,0.15,96.0
20.669,0.1493,0.15,96.0
20.673,0.1496,0.15,96.0
20.678,0.1501,0.15,96.0
20.683,0.1502,0.15,96.0
20.688,0.1503,0.15,96.0
20.693,0.1494,0.15,96.0
20.698,0.1499,0.15,96.0
20.703,0.1501,0.15,96.0
20.707,0.1502,0.15,96.0
20.712,0.1503,0.15,96.0
20.717,0.1504,0.15,96.0
20.722,0.1494,0.15,96.0
20.727,0.1497,0.15,96.0
20.732,0.15,0.15,96.0
20.737,0.1501,0.15,96.0
20.742,0.1492,0.15,96.0
20.746,0.1495,0.15,96.0
20.751,0.1498,0.15,96.0
20.756,0.15,0.15,96.0
20.761,0.1507,0.15,96.0
20.766,0.1497,0.15,96.0
20.771,0.1489,0.15,96.0
20.776,0.1493,0.15,96.0
20.781,0.149,0.15,96.0
20.786,0.1493,0.15,96.0
20.79,0.1487,0.15,96.0
20.795,0.1484,0.15,96.0
20.8,0.1479,0.15,96.0
20.805,0.1486,0.15,96.0
20.81,0.1481,0.15,96.0
20.815,0.1487,0.15,96.0
20.819,0.1487,0.15,96.0
20.825,0.1492,0.15,96.0
20.829,0.1496,0.15,96.0
20.834,0.1491,0.15,96.0
20.839,0.1486,0.15,96.0
20.844,0.1491,0.15,96.0
20.849,0.1486,0.15,96.0
20.854,0.149,0.15,96.0
20.858,0.1491,0.15,96.0
20.863,0.1485,0.15,96.0
20.868,0.1482,0.15,96.0
20.873,0.1488,0.15,96.0
20.878,0.1493,0.15,96.0
20.883,0.1497,0.15,96.0
20.887,0.1499,0.15,96.0
20.893,0.1493,0.15,96.0
20.897,0.1496,0.15,96.0
20.902,0.1499,0.15,96.0
20.907,0.1491,0.15,96.0
20.912,0.1494,0.15,96.0
20.917,0.1489,0.15,96.0
20.922,0.1487,0.15,96.0
20.927,0.1492,0.15,96.0
20.931,0.1487,0.15,96.0
20.936,0.1492,0.15,96.0
20.941,0.1489,0.15,96.0
20.946,0.1493,0.15,96.0
20.951,0.1496,0.15,96.0
20.956,0.1499,0.15,96.0
20.96,0.1494,0.15,96.0
20.965,0.1497,0.15,96.0
20.97,0.1499,0.15,96.0
20.975,0.1501,0.15,96.0
20.98,0.1496,0.15,96.0
20.985,0.1489,0.15,96.0
20.99,0.1484,0.15,96.0
20.994,0.1489,0.15,96.0
20.999,0.1493,0.15,96.0
21.004,0.1489,0.15,96.0
21.009,0.1484,0.15,96.0
21.014,0.148,0.15,96.0
21.019,0.1477,0.15,96.0
21.023,0.1484,0.15,96.0
21.029,0.149,0.15,96.0
21.033,0.1494,0.15,96.0
21.038,0.1487,0.15,96.0
21.043,0.1491,0.15,96.0
21.048,0.1495,0.15,96.0
21.053,0.1497,0.15,96.0
21.057,0.15,0.15,96.0
21.063,0.1491,0.15,96.0
21.067,0.1496,0.15,96.0
21.072,0.1498,0.15,96.0
21.077,0.1501,0.15,96.0
21.082,0.1502,0.15,96.0
21.087,0.1494,0.15,96.0
21.092,0.1497,0.15,96.0
21.097,0.1499,0.15,96.0
21.101,0.1486,0.15,96.0
21.106,0.1491,0.15,96.0
21.111,0.1495,0.15,96.0
21.116,0.1498,0.15,96.0
21.121,0.15,0.15,96.0
21.126,0.1502,0.15,96.0
21.131,0.1515,0.15,96.0
21.135,0.1512,0.15,96.0
21.14,0.1504,0.15,96.0
21.145,0.1505,0.15,96.0
21.15,0.1506,0.15,96.0
21.155,0.1505,0.15,96.0
21.16,0.1499,0.15,96.0
21.165,0.1501,0.15,96.0
21.17,0.1502,0.15,96.0
21.175,0.1503,0.15,96.0
21.18,0.1504,0.15,96.0
21.184,0.1504,0.15,96.0
21.189,0.1516,0.15,96.0
21.194,0.1514,0.15,96.0
21.199,0.1505,0.15,96.0
21.204,0.1496,0.15,96.0
21.209,0.1499,0.15,96.0
21.213,0.1491,0.15,96.0
21.218,0.1488,0.15,96.0
21.223,0.1495,0.15,96.0
21.228,0.1497,0.15,96.0
21.233,0.1499,0.15,96.0
21.238,0.1492,0.15,96.0
21.242,0.1495,0.15,96.0
21.247,0.1498,0.15,96.0
21.252,0.15,0.15,96.0
21.257,0.1504,0.15,96.0
21.262,0.1505,0.15,96.0
21.267,0.1505,0.15,96.0
21.272,0.1517,0.15,96.0
21.277,0.1514,0.15,96.0
21.282,0.1506,0.15,96.0
21.287,0.1505,0.15,96.0
21.292,0.1505,0.15,96.0
21.296,0.1508,0.15,96.0
21.301,0.1498,0.15,96.0
21.306,0.15,0.15,96.0
21.311,0.1513,0.15,96.0
21.316,0.1502,0.15,96.0
21.32,0.1503,0.15,96.0
21.326,0.1504,0.15,96.0
21.331,0.1495,0.15,96.0
21.335,0.15,0.15,96.0
21.34,0.1495,0.15,96.0
21.345,0.1498,0.15,96.0
21.35,0.15,0.15,96.0
21.355,0.1502,0.15,96.0
21.36,0.1503,0.15,96.0
21.365,0.1494,0.15,96.0
21.37,0.1497,0.15,96.0
21.374,0.1499,0.15,96.0
21.379,0.1494,0.15,96.0
21.384,0.1497,0.15,96.0
21.389,0.149,0.15,96.0
21.394,0.1494,0.15,96.0
21.398,0.149,0.15,96.0
21.404,0.1494,0.15,96.0
21.408,0.1497,0.15,96.0
21.413,0.1499,0.15,96.0
21.418,0.1501,0.15,96.0
21.423,0.1502,0.15,96.0
21.428,0.1503,0.15,96.0
21.432,0.1504,0.15,96.0
21.438,0.1504,0.15,96.0
21.442,0.1505,0.15,96.0
21.447,0.1517,0.15,96.0
21.452,0.1504,0.15,96.0
21.457,0.1495,0.15,96.0
21.462,0.1491,0.15,96.0
21.467,0.1486,0.15,96.0
21.472,0.1491,0.15,96.0
21.476,0.1485,0.15,96.0
21.481,0.149,0.15,96.0
21.486,0.1494,0.15,96.0
21.491,0.1497,0.15,96.0
21.496,0.149,0.15,96.0
21.501,0.1484,0.15,96.0
21.506,0.149,0.15,96.0
21.511,0.1493,0.15,96.0
21.516,0.1496,0.15,96.0
21.52,0.1492,0.15,96.0
21.525,0.1495,0.15,96.0
21.53,0.1498,0.15,96.0
21.535,0.15,0.15,96.0
21.54,0.1504,0.15,96.0
21.545,0.1505,0.15,96.0
21.55,0.1505,0.15,96.0
21.554,0.1496,0.15,96.0
21.559,0.1495,0.15,96.0
21.564,0.1497,0.15,96.0
21.569,0.1499,0.15,96.0
21.574,0.1494,0.15,96.0
21.579,0.1494,0.15,96.0
21.584,0.1497,0.15,96.0
21.588,0.1489,0.15,96.0
21.593,0.1483,0.15,96.0
21.598,0.1479,0.15,96.0
21.603,0.1476,0.15,96.0
21.608,0.1483,0.15,96.0
21.612,0.1489,0.15,96.0
21.618,0.1493,0.15,96.0
21.623,0.1486,0.15,96.0
21.627,0.1491,0.15,96.0
21.632,0.1495,0.15,96.0
21.637,0.1498,0.15,96.0
21.642,0.1486,0.15,96.0
21.647,0.1491,0.15,96.0
21.652,0.1494,0.15,96.0
21.656,0.1497,0.15,96.0
21.661,0.1492,0.15,96.0
21.666,0.1497,0.15,96.0
21.671,0.1499,0.15,96.0
21.676,0.1501,0.15,96.0
21.681,0.1496,0.15,96.0
21.685,0.1492,0.15,96.0
21.69,0.1495,0.15,96.0
21.695,0.1498,0.15,96.0
21.7,0.1492,0.15,96.0
21.705,0.1496,0.15,96.0
21.71,0.1498,0.15,96.0
21.715,0.15,0.15,96.0
21.72,0.1513,0.15,96.0
21.724,0.1512,0.15,96.0
21.73,0.1511,0.15,96.0
21.734,0.151,0.15,96.0
21.739,0.1499,0.15,96.0
21.744,0.1504,0.15,96.0
21.749,0.1495,0.15,96.0
21.754,0.1488,0.15,96.0
21.759,0.1487,0.15,96.0
21.763,0.1485,0.15,96.0
21.768,0.149,0.15,96.0
21.773,0.1494,0.15,96.0
21.778,0.1497,0.15,96.0
21.783,0.1499,0.15,96.0
21.788,0.1501,0.15,96.0
21.792,0.1493,0.15,96.0
21.798,0.1496,0.15,96.0
21.802,0.1495,0.15,96.0
21.807,0.1489,0.15,96.0
21.812,0.1485,0.15,96.0
21.817,0.149,0.15,96.0
21.822,0.15,0.15,96.0
21.826,0.1501,0.15,96.0
21.831,0.1502,0.15,96.0
21.836,0.1494,0.15,96.0
21.841,0.1497,0.15,96.0
21.846,0.1499,0.15,96.0
21.851,0.1501,0.15,96.0
21.856,0.1502,0.15,96.0
21.86,0.149,0.15,96.0
21.866,0.1494,0.15,96.0
21.871,0.1497,0.15,96.0
21.876,0.1499,0.15,96.0
21.88,0.1495,0.15,96.0
21.885,0.1497,0.15,96.0
21.89,0.15,0.15,96.0
21.895,0.1492,0.15,96.0
21.9,0.1485,0.15,96.0
21.904,0.149,0.15,96.0
21.91,0.1506,0.15,96.0
21.914,0.1506,0.15,96.0
21.919,0.149,0.15,96.0
21.924,0.1484,0.15,96.0
21.929,0.1489,0.15,96.0
21.934,0.1487,0.15,96.0
21.938,0.1482,0.15,96.0
21.944,0.1488,0.15,96.0
21.948,0.1492,0.15,96.0
21.953,0.1497,0.15,96.0
21.958,0.1499,0.15,96.0
21.963,0.1501,0.15,96.0
21.968,0.1502,0.15,96.0
21.972,0.1503,0.15,96.0
21.977,0.1496,0.15,96.0
21.983,0.1493,0.15,96.0
21.987,0.1496,0.15,96.0
21.992,0.1499,0.15,96.0
21.997,0.1501,0.15,96.0
22.001,0.1502,0.15,96.0
22.007,0.1514,0.15,96.0
22.012,0.1512,0.15,96.0
22.016,0.1511,0.15,96.0
22.021,0.1504,0.15,96.0
22.026,0.1495,0.15,96.0
22.031,0.1497,0.15,96.0
22.036,0.1499,0.15,96.0
22.041,0.1494,0.15,96.0
22.045,0.1497,0.15,96.0
22.051,0.1499,0.15,96.0
22.055,0.1501,0.15,96.0
22.06,0.1502,0.15,96.0
22.065,0.1514,0.15,96.0
22.07,0.1514,0.15,96.0
22.075,0.1512,0.15,96.0
22.08,0.151,0.15,96.0
22.084,0.1509,0.15,96.0
22.089,0.151,0.15,96.0
22.094,0.1499,0.15,96.0
22.099,0.1494,0.15,96.0
22.104,0.1497,0.15,96.0
22.109,0.1499,0.15,96.0
22.113,0.1501,0.15,96.0
22.119,0.1503,0.15,96.0
22.123,0.1503,0.15,96.0
22.128,0.1494,0.15,96.0
22.133,0.1497,0.15,96.0
22.138,0.149,0.15,96.0
22.143,0.1493,0.15,96.0
22.148,0.1497,0.15,96.0
22.153,0.1499,0.15,96.0
22.157,0.1501,0.15,96.0
22.163,0.1496,0.15,96.0
22.167,0.1498,0.15,96.0
22.172,0.15,0.15,96.0
22.177,0.1502,0.15,96.0
22.182,0.1494,0.15,96.0
22.187,0.1509,0.15,96.0
22.191,0.1499,0.15,96.0
22.196,0.1501,0.15,96.0
22.201,0.1496,0.15,96.0
22.206,0.1498,0.15,96.0
22.211,0.15,0.15,96.0
22.216,0.1513,0.15,96.0
22.221,0.1505,0.15,96.0
22.226,0.1505,0.15,96.0
22.231,0.1505,0.15,96.0
22.235,0.1505,0.15,96.0
22.24,0.1506,0.15,96.0
22.245,0.1496,0.15,96.0
22.25,0.1489,0.15,96.0
22.255,0.1493,0.15,96.0
22.259,0.149,0.15,96.0
22.264,0.1494,0.15,96.0
22.269,0.1497,0.15,96.0
22.274,0.149,0.15,96.0
22.279,0.1484,0.15,96.0
22.284,0.149,0.15,96.0
22.289,0.1494,0.15,96.0
22.293,0.1497,0.15,96.0
22.299,0.1499,0.15,96.0
22.303,0.15,0.15,96.0
22.308,0.1502,0.15,96.0
22.313,0.1494,0.15,96.0
22.318,0.1497,0.15,96.0
22.323,0.1491,0.15,96.0
22.328,0.1494,0.15,96.0
22.332,0.1509,0.15,96.0
22.337,0.1499,0.15,96.0
22.342,0.1491,0.15,96.0
22.347,0.1494,0.15,96.0
22.352,0.1489,0.15,96.0
22.357,0.1493,0.15,96.0
22.362,0.1496,0.15,96.0
22.367,0.1499,0.15,96.0
22.371,0.15,0.15,96.0
22.376,0.1514,0.15,96.0
22.381,0.1508,0.15,96.0
22.386,0.1507,0.15,96.0
22.391,0.1497,0.15,96.0
22.396,0.149,0.15,96.0
22.401,0.1484,0.15,96.0
22.405,0.1501,0.15,96.0
22.41,0.1492,0.15,96.0
22.415,0.1486,0.15,96.0
22.42,0.1493,0.15,96.0
22.425,0.1499,0.15,96.0
22.43,0.1501,0.15,96.0
22.435,0.1494,0.15,96.0
22.44,0.1486,0.15,96.0
22.445,0.1494,0.15,96.0
22.45,0.1497,0.15,96.0
22.454,0.1499,0.15,96.0
22.459,0.1493,0.15,96.0
22.464,0.1508,0.15,96.0
22.469,0.1499,0.15,96.0
22.474,0.1501,0.15,96.0
22.479,0.1505,0.15,96.0
22.484,0.1505,0.15,96.0
22.489,0.1505,0.15,96.0
22.493,0.1517,0.15,96.0
22.498,0.1514,0.15,96.0
22.503,0.1502,0.15,96.0
22.508,0.1493,0.15,96.0
22.513,0.1496,0.15,96.0
22.518,0.1489,0.15,96.0
22.523,0.1486,0.15,96.0
22.527,0.1491,0.15,96.0
22.532,0.1495,0.15,96.0
22.537,0.1497,0.15,96.0
22.542,0.1499,0.15,96.0
22.547,0.1492,0.15,96.0
22.552,0.1495,0.15,96.0
22.556,0.1498,0.15,96.0
22.561,0.1493,0.15,96.0
22.567,0.1496,0.15,96.0
22.571,0.1499,0.15,96.0
22.576,0.15,0.15,96.0
22.581,0.1495,0.15,96.0
22.586,0.1489,0.15,96.0
22.59,0.1483,0.15,96.0
22.596,0.1489,0.15,96.0
22.6,0.1489,0.15,96.0
22.605,0.1493,0.15,96.0
22.61,0.1487,0.15,96.0
22.615,0.1492,0.15,96.0
22.62,0.1491,0.15,96.0
22.625,0.1486,0.15,96.0
22.629,0.1484,0.15,96.0
22.634,0.1481,0.15,96.0
22.639,0.1478,0.15,96.0
22.644,0.1475,0.15,96.0
22.649,0.1483,0.15,96.0
22.653,0.149,0.15,96.0
22.659,0.1494,0.15,96.0
22.664,0.1497,0.15,96.0
22.668,0.1491,0.15,96.0
22.673,0.1486,0.15,96.0
22.678,0.1491,0.15,96.0
22.683,0.1479,0.15,96.0
22.688,0.1486,0.15,96.0
22.693,0.1491,0.15,96.0
22.698,0.1494,0.15,96.0
22.703,0.1497,0.15,96.0
22.707,0.1499,0.15,96.0
22.712,0.1494,0.15,96.0
22.717,0.1487,0.15,96.0
22.722,0.1486,0.15,96.0
22.727,0.1481,0.15,96.0
22.731,0.149,0.15,96.0
22.736,0.1484,0.15,96.0
22.741,0.1483,0.15,96.0
22.746,0.1479,0.15,96.0
22.751,0.1487,0.15,96.0
22.756,0.1482,0.15,96.0
22.761,0.1488,0.15,96.0
22.765,0.1483,0.15,96.0
22.77,0.1491,0.15,96.0
22.775,0.1494,0.15,96.0
22.78,0.1487,0.15,96.0
22.785,0.1494,0.15,96.0
22.79,0.1498,0.15,96.0
22.795,0.1512,0.15,96.0
22.8,0.1504,0.15,96.0
22.804,0.1504,0.15,96.0
22.809,0.1504,0.15,96.0
22.814,0.1504,0.15,96.0
22.819,0.1516,0.15,96.0
22.824,0.1516,0.15,96.0
22.829,0.1506,0.15,96.0
22.834,0.1496,0.15,96.0
22.839,0.1499,0.15,96.0
22.844,0.1512,0.15,96.0
22.849,0.1511,0.15,96.0
22.853,0.1501,0.15,96.0
22.858,0.1502,0.15,96.0
22.863,0.1497,0.15,96.0
22.868,0.1499,0.15,96.0
22.873,0.1492,0.15,96.0
22.878,0.1495,0.15,96.0
22.883,0.1498,0.15,96.0
22.887,0.15,0.15,96.0
22.892,0.1495,0.15,96.0
22.897,0.1497,0.15,96.0
22.902,0.1493,0.15,96.0
22.907,0.1496,0.15,96.0
22.912,0.1499,0.15,96.0
22.917,0.1501,0.15,96.0
22.921,0.1495,0.15,96.0
22.926,0.1488,0.15,96.0
22.931,0.1493,0.15,96.0
22.936,0.1496,0.15,96.0
22.941,0.1499,0.15,96.0
22.946,0.1501,0.15,96.0
22.951,0.1504,0.15,96.0
22.955,0.1504,0.15,96.0
22.961,0.151,0.15,96.0
22.965,0.1509,0.15,96.0
22.97,0.1508,0.15,96.0
22.975,0.1508,0.15,96.0
22.98,0.1512,0.15,96.0
22.985,0.15,0.15,96.0
22.99,0.1502,0.15,96.0
22.995,0.1493,0.15,96.0
22.999,0.1487,0.15,96.0
23.004,0.1484,0.15,96.0
23.009,0.148,0.15,96.0
23.014,0.1486,0.15,96.0
23.019,0.1483,0.15,96.0
23.024,0.1479,0.15,96.0
23.029,0.1485,0.15,96.0
23.034,0.149,0.15,96.0
23.039,0.1485,0.15,96.0
23.043,0.1488,0.15,96.0
23.048,0.1493,0.15,96.0
23.053,0.1496,0.15,96.0
23.058,0.1491,0.15,96.0
23.063,0.1481,0.15,96.0
23.068,0.1487,0.15,96.0
23.072,0.1492,0.15,96.0
23.077,0.1496,0.15,96.0
23.082,0.1491,0.15,96.0
23.087,0.1495,0.15,96.0
23.092,0.1498,0.15,96.0
23.097,0.1492,0.15,96.0
23.102,0.1489,0.15,96.0
23.107,0.1493,0.15,96.0
23.112,0.1497,0.15,96.0
23.116,0.1499,0.15,96.0
23.121,0.1499,0.15,96.0
23.126,0.1491,0.15,96.0
23.131,0.1495,0.15,96.0
23.136,0.1498,0.15,96.0
23.141,0.1493,0.15,96.0
23.146,0.1508,0.15,96.0
23.151,0.1507,0.15,96.0
23.155,0.1507,0.15,96.0
23.16,0.15,0.15,96.0
23.165,0.1501,0.15,96.0
23.17,0.1503,0.15,96.0
23.175,0.1496,0.15,96.0
23.18,0.1488,0.15,96.0
23.184,0.1483,0.15,96.0
23.189,0.1488,0.15,96.0
23.194,0.1485,0.15,96.0
23.199,0.1492,0.15,96.0
23.204,0.1495,0.15,96.0
23.209,0.15,0.15,96.0
23.214,0.1513,0.15,96.0
23.219,0.1503,0.15,96.0
23.224,0.1497,0.15,96.0
23.228,0.1491,0.15,96.0
23.233,0.1486,0.15,96.0
23.238,0.1491,0.15,96.0
23.243,0.1485,0.15,96.0
23.248,0.1493,0.15,96.0
23.253,0.1496,0.15,96.0
23.258,0.1498,0.15,96.0
23.262,0.15,0.15,96.0
23.267,0.1502,0.15,96.0
23.272,0.1494,0.15,96.0
23.277,0.1496,0.15,96.0
23.282,0.1492,0.15,96.0
23.287,0.1495,0.15,96.0
23.292,0.1498,0.15,96.0
23.297,0.15,0.15,96.0
23.301,0.1493,0.15,96.0
23.306,0.1496,0.15,96.0
23.311,0.1498,0.15,96.0
23.316,0.15,0.15,96.0
23.321,0.1502,0.15,96.0
23.326,0.1503,0.15,96.0
23.331,0.1515,0.15,96.0
23.335,0.1512,0.15,96.0
23.34,0.1504,0.15,96.0
23.345,0.1495,0.15,96.0
23.35,0.1498,0.15,96.0
23.355,0.1499,0.15,96.0
23.359,0.1491,0.15,96.0
23.365,0.1497,0.15,96.0
23.37,0.1511,0.15,96.0
23.374,0.1509,0.15,96.0
23.379,0.1511,0.15,96.0
23.384,0.1501,0.15,96.0
23.389,0.1502,0.15,96.0
23.394,0.1515,0.15,96.0
23.399,0.1512,0.15,96.0
23.404,0.1504,0.15,96.0
23.409,0.1495,0.15,96.0
23.414,0.149,0.15,96.0
23.418,0.1484,0.15,96.0
23.423,0.1484,0.15,96.0
23.428,0.148,0.15,96.0
23.433,0.1477,0.15,96.0
23.437,0.1484,0.15,96.0
23.443,0.149,0.15,96.0
23.448,0.1494,0.15,96.0
23.452,0.1496,0.15,96.0
23.457,0.149,0.15,96.0
23.462,0.1488,0.15,96.0
23.467,0.1483,0.15,96.0
23.472,0.1489,0.15,96.0
23.476,0.1483,0.15,96.0
23.481,0.1489,0.15,96.0
23.487,0.1493,0.15,96.0
23.491,0.1496,0.15,96.0
23.496,0.1499,0.15,96.0
23.501,0.1496,0.15,96.0
23.506,0.1499,0.15,96.0
23.511,0.1491,0.15,96.0
23.515,0.1495,0.15,96.0
23.52,0.1493,0.15,96.0
23.525,0.1497,0.15,96.0
23.53,0.1499,0.15,96.0
23.535,0.1501,0.15,96.0
23.54,0.1502,0.15,96.0
23.545,0.1504,0.15,96.0
23.549,0.1504,0.15,96.0
23.554,0.1505,0.15,96.0
23.559,0.1505,0.15,96.0
23.564,0.1496,0.15,96.0
23.569,0.1488,0.15,96.0
23.574,0.1493,0.15,96.0
23.579,0.1489,0.15,96.0
23.584,0.1477,0.15,96.0
23.588,0.1475,0.15,96.0
23.593,0.1473,0.15,96.0
23.598,0.1482,0.15,96.0
23.603,0.1487,0.15,96.0
23.608,0.1492,0.15,96.0
23.612,0.1486,0.15,96.0
23.618,0.1491,0.15,96.0
23.622,0.149,0.15,96.0
23.627,0.1494,0.15,96.0
23.632,0.1488,0.15,96.0
23.637,0.1483,0.15,96.0
23.642,0.1482,0.15,96.0
23.647,0.1479,0.15,96.0
23.652,0.1486,0.15,96.0
23.656,0.1481,0.15,96.0
23.661,0.1487,0.15,96.0
23.666,0.1492,0.15,96.0
23.671,0.1495,0.15,96.0
23.676,0.1488,0.15,96.0
23.681,0.1486,0.15,96.0
23.686,0.1491,0.15,96.0
23.691,0.1495,0.15,96.0
23.696,0.1498,0.15,96.0
23.701,0.1491,0.15,96.0
23.705,0.1485,0.15,96.0
23.71,0.1481,0.15,96.0
23.715,0.1478,0.15,96.0
23.72,0.1485,0.15,96.0
23.724,0.1491,0.15,96.0
23.73,0.1495,0.15,96.0
23.734,0.1497,0.15,96.0
23.739,0.149,0.15,96.0
23.744,0.1494,0.15,96.0
23.749,0.1497,0.15,96.0
23.754,0.1499,0.15,96.0
23.759,0.15,0.15,96.0
23.764,0.1502,0.15,96.0
23.769,0.1494,0.15,96.0
23.773,0.1488,0.15,96.0
23.778,0.1493,0.15,96.0
23.783,0.1496,0.15,96.0
23.788,0.1499,0.15,96.0
23.793,0.1501,0.15,96.0
23.798,0.1502,0.15,96.0
23.803,0.1487,0.15,96.0
23.808,0.1491,0.15,96.0
23.812,0.1495,0.15,96.0
23.817,0.1498,0.15,96.0
23.822,0.1494,0.15,96.0
23.827,0.1488,0.15,96.0
23.832,0.1493,0.15,96.0
23.836,0.1496,0.15,96.0
23.841,0.1501,0.15,96.0
23.846,0.1493,0.15,96.0
23.851,0.1508,0.15,96.0
23.856,0.1498,0.15,96.0
23.861,0.1493,0.15,96.0
23.866,0.1497,0.15,96.0
23.87,0.1499,0.15,96.0
23.875,0.1491,0.15,96.0
23.88,0.1485,0.15,96.0
23.885,0.1502,0.15,96.0
23.89,0.1503,0.15,96.0
23.895,0.1504,0.15,96.0
23.9,0.1516,0.15,96.0
23.905,0.1514,0.15,96.0
23.91,0.1514,0.15,96.0
23.915,0.1512,0.15,96.0
23.92,0.151,0.15,96.0
23.925,0.151,0.15,96.0
23.929,0.1508,0.15,96.0
23.934,0.1508,0.15,96.0
23.939,0.1507,0.15,96.0
23.944,0.1503,0.15,96.0
23.949,0.1504,0.15,96.0
23.953,0.1505,0.15,96.0
23.958,0.1496,0.15,96.0
23.964,0.1499,0.15,96.0
23.968,0.1501,0.15,96.0
23.973,0.1504,0.15,96.0
23.978,0.1505,0.15,96.0
23.983,0.1489,0.15,96.0
23.988,0.1486,0.15,96.0
23.993,0.1491,0.15,96.0
23.998,0.1485,0.15,96.0
24.002,0.1486,0.15,96.0
24.007,0.1491,0.15,96.0
24.012,0.1485,0.15,96.0
24.017,0.148,0.15,96.0
24.022,0.1477,0.15,96.0
24.026,0.1477,0.15,96.0
24.032,0.1484,0.15,96.0
24.036,0.148,0.15,96.0
24.041,0.1482,0.15,96.0
24.046,0.1481,0.15,96.0
24.051,0.1477,0.15,96.0
24.055,0.1474,0.15,96.0
24.061,0.1476,0.15,96.0
24.066,0.1473,0.15,96.0
24.07,0.1482,0.15,96.0
24.075,0.1488,0.15,96.0
24.08,0.1492,0.15,96.0
24.085,0.1495,0.15,96.0
24.09,0.1489,0.15,96.0
24.095,0.1493,0.15,96.0
24.1,0.1498,0.15,96.0
24.104,0.1491,0.15,96.0
24.109,0.1495,0.15,96.0
24.114,0.1498,0.15,96.0
24.119,0.1493,0.15,96.0
24.124,0.1489,0.15,96.0
24.129,0.1494,0.15,96.0
24.133,0.1497,0.15,96.0
24.139,0.1489,0.15,96.0
24.144,0.1488,0.15,96.0
24.148,0.1492,0.15,96.0
24.153,0.1496,0.15,96.0
24.158,0.1498,0.15,96.0
24.163,0.1493,0.15,96.0
24.168,0.1487,0.15,96.0
24.173,0.1492,0.15,96.0
24.177,0.1495,0.15,96.0
24.182,0.1489,0.15,96.0
24.187,0.1493,0.15,96.0
24.192,0.1499,0.15,96.0
24.197,0.1501,0.15,96.0
24.202,0.1502,0.15,96.0
24.206,0.1503,0.15,96.0
24.212,0.1495,0.15,96.0
24.216,0.1497,0.15,96.0
24.221,0.1495,0.15,96.0
24.226,0.151,0.15,96.0
24.231,0.152,0.15,96.0
24.236,0.1507,0.15,96.0
24.241,0.1503,0.15,96.0
24.245,0.1505,0.15,96.0
24.25,0.1498,0.15,96.0
24.255,0.15,0.15,96.0
24.26,0.1492,0.15,96.0
24.265,0.1495,0.15,96.0
24.27,0.1489,0.15,96.0
24.275,0.1493,0.15,96.0
24.28,0.1496,0.15,96.0
24.285,0.1498,0.15,96.0
24.289,0.15,0.15,96.0
24.294,0.1495,0.15,96.0
24.299,0.1488,0.15,96.0
24.304,0.1486,0.15,96.0
24.309,0.1491,0.15,96.0
24.314,0.1494,0.15,96.0
24.319,0.1498,0.15,96.0
24.324,0.1499,0.15,96.0
24.328,0.1513,0.15,96.0
24.333,0.1504,0.15,96.0
24.338,0.1495,0.15,96.0
24.343,0.1488,0.15,96.0
24.348,0.1484,0.15,96.0
24.353,0.149,0.15,96.0
24.357,0.1487,0.15,96.0
24.362,0.1481,0.15,96.0
24.367,0.1487,0.15,96.0
24.372,0.1483,0.15,96.0
24.377,0.1489,0.15,96.0
24.382,0.1484,0.15,96.0
24.387,0.1489,0.15,96.0
24.392,0.1495,0.15,96.0
24.397,0.1488,0.15,96.0
24.401,0.1493,0.15,96.0
24.406,0.1496,0.15,96.0
24.411,0.1499,0.15,96.0
24.417,0.15,0.15,96.0
24.421,0.151,0.15,96.0
24.426,0.1509,0.15,96.0
24.431,0.152,0.15,96.0
24.436,0.1519,0.15,96.0
24.441,0.1516,0.15,96.0
24.445,0.1504,0.15,96.0
24.45,0.1495,0.15,96.0
24.455,0.1488,0.15,96.0
24.46,0.1485,0.15,96.0
24.465,0.148,0.15,96.0
24.47,0.1487,0.15,96.0
24.475,0.1492,0.15,96.0
24.48,0.1485,0.15,96.0
24.484,0.1486,0.15,96.0
24.489,0.1491,0.15,96.0
24.494,0.1487,0.15,96.0
24.499,0.1494,0.15,96.0
24.504,0.148,0.15,96.0
24.509,0.1498,0.15,96.0
24.513,0.15,0.15,96.0
24.518,0.1493,0.15,96.0
24.523,0.1494,0.15,96.0
24.528,0.1497,0.15,96.0
24.533,0.1502,0.15,96.0
24.538,0.1493,0.15,96.0
24.543,0.149,0.15,96.0
24.548,0.1484,0.15,96.0
24.553,0.1481,0.15,96.0
24.557,0.1487,0.15,96.0
24.562,0.1483,0.15,96.0
24.567,0.1488,0.15,96.0
24.572,0.1484,0.15,96.0
24.576,0.149,0.15,96.0
24.582,0.1484,0.15,96.0
24.587,0.1501,0.15,96.0
24.591,0.1493,0.15,96.0
24.596,0.1497,0.15,96.0
24.601,0.1493,0.15,96.0
24.606,0.1486,0.15,96.0
24.611,0.1491,0.15,96.0
24.616,0.1497,0.15,96.0
24.621,0.149,0.15,96.0
24.626,0.1484,0.15,96.0
24.63,0.1492,0.15,96.0
24.635,0.1497,0.15,96.0
24.64,0.1499,0.15,96.0
24.645,0.1501,0.15,96.0
24.65,0.1503,0.15,96.0
24.655,0.1494,0.15,96.0
24.659,0.1497,0.15,96.0
24.664,0.149,0.15,96.0
24.669,0.1494,0.15,96.0
24.674,0.1497,0.15,96.0
24.679,0.1499,0.15,96.0
24.684,0.1494,0.15,96.0
24.689,0.1488,0.15,96.0
24.694,0.1495,0.15,96.0
24.699,0.1498,0.15,96.0
24.704,0.15,0.15,96.0
24.708,0.1493,0.15,96.0
24.713,0.1489,0.15,96.0
24.718,0.1484,0.15,96.0
24.723,0.1479,0.15,96.0
24.728,0.1476,0.15,96.0
24.733,0.1484,0.15,96.0
24.738,0.1479,0.15,96.0
24.743,0.1482,0.15,96.0
24.747,0.1478,0.15,96.0
24.752,0.1486,0.15,96.0
24.757,0.1491,0.15,96.0
24.762,0.1495,0.15,96.0
24.767,0.1498,0.15,96.0
24.772,0.15,0.15,96.0
24.777,0.1494,0.15,96.0
24.782,0.1482,0.15,96.0
24.786,0.1478,0.15,96.0
24.792,0.1485,0.15,96.0
24.796,0.148,0.15,96.0
24.801,0.1487,0.15,96.0
24.806,0.1492,0.15,96.0
24.81,0.1488,0.15,96.0
24.816,0.1493,0.15,96.0
24.82,0.1496,0.15,96.0
24.825,0.1489,0.15,96.0
24.83,0.1486,0.15,96.0
24.835,0.1492,0.15,96.0
24.84,0.1495,0.15,96.0
24.844,0.1492,0.15,96.0
24.85,0.1496,0.15,96.0
24.855,0.1498,0.15,96.0
24.859,0.1501,0.15,96.0
24.864,0.1486,0.15,96.0
24.869,0.1483,0.15,96.0
24.874,0.1488,0.15,96.0
24.878,0.1483,0.15,96.0
24.884,0.1479,0.15,96.0
24.888,0.1485,0.15,96.0
24.893,0.1481,0.15,96.0
24.898,0.1487,0.15,96.0
24.903,0.1482,0.15,96.0
24.908,0.1488,0.15,96.0
24.912,0.1483,0.15,96.0
24.918,0.1489,0.15,96.0
24.922,0.1483,0.15,96.0
24.927,0.1489,0.15,96.0
24.932,0.1493,0.15,96.0
24.937,0.1496,0.15,96.0
24.942,0.1492,0.15,96.0
24.947,0.1495,0.15,96.0
24.952,0.1498,0.15,96.0
24.956,0.1491,0.15,96.0
24.961,0.1488,0.15,96.0
24.966,0.1493,0.15,96.0
24.971,0.1487,0.15,96.0
24.976,0.1483,0.15,96.0
24.981,0.1482,0.15,96.0
24.986,0.1478,0.15,96.0
24.991,0.1485,0.15,96.0
24.995,0.149,0.15,96.0
25.0,0.1484,0.15,96.0
25.005,0.1501,0.15,96.0
25.01,0.1493,0.15,96.0
25.015,0.1496,0.15,96.0
25.02,0.1498,0.15,96.0
25.024,0.1494,0.15,96.0
25.03,0.1497,0.15,96.0
25.034,0.1491,0.15,96.0
25.039,0.1487,0.15,96.0
25.044,0.1492,0.15,96.0
25.049,0.1498,0.15,96.0
25.054,0.15,0.15,96.0
25.059,0.1503,0.15,96.0
25.064,0.1505,0.15,96.0
25.069,0.1508,0.15,96.0
25.073,0.1498,0.15,96.0
25.078,0.15,0.15,96.0
25.083,0.1509,0.15,96.0
25.088,0.1499,0.15,96.0
25.093,0.1491,0.15,96.0
25.098,0.1485,0.15,96.0
25.103,0.1481,0.15,96.0
25.108,0.1487,0.15,96.0
25.113,0.1492,0.15,96.0
25.117,0.1488,0.15,96.0
25.122,0.1488,0.15,96.0
25.127,0.1504,0.15,96.0
25.132,0.1504,0.15,96.0
25.137,0.1499,0.15,96.0
25.142,0.1494,0.15,96.0
25.147,0.1497,0.15,96.0
25.152,0.1499,0.15,96.0
25.156,0.1501,0.15,96.0
25.161,0.1502,0.15,96.0
25.166,0.1503,0.15,96.0
25.171,0.1504,0.15,96.0
25.176,0.1516,0.15,96.0
25.181,0.1504,0.15,96.0
25.186,0.1495,0.15,96.0
25.191,0.149,0.15,96.0
25.195,0.1485,0.15,96.0
25.2,0.1492,0.15,96.0
25.205,0.1485,0.15,96.0
25.21,0.1493,0.15,96.0
25.215,0.1487,0.15,96.0
25.22,0.1482,0.15,96.0
25.224,0.1488,0.15,96.0
25.229,0.1495,0.15,96.0
25.234,0.1487,0.15,96.0
25.239,0.1482,0.15,96.0
25.244,0.1478,0.15,96.0
25.249,0.1488,0.15,96.0
25.254,0.1493,0.15,96.0
25.259,0.1496,0.15,96.0
25.264,0.1495,0.15,96.0
25.268,0.1498,0.15,96.0
25.273,0.15,0.15,96.0
25.278,0.1492,0.15,96.0
25.283,0.1492,0.15,96.0
25.288,0.1486,0.15,96.0
25.293,0.1491,0.15,96.0
25.298,0.1487,0.15,96.0
25.303,0.1494,0.15,96.0
25.307,0.1497,0.15,96.0
25.312,0.1499,0.15,96.0
25.317,0.1501,0.15,96.0
25.322,0.1491,0.15,96.0
25.327,0.1506,0.15,96.0
25.332,0.1509,0.15,96.0
25.337,0.1498,0.15,96.0
25.342,0.1494,0.15,96.0
25.347,0.1499,0.15,96.0
25.352,0.1501,0.15,96.0
25.356,0.1492,0.15,96.0
25.361,0.1486,0.15,96.0
25.366,0.1493,0.15,96.0
25.371,0.1489,0.15,96.0
25.376,0.1494,0.15,96.0
25.381,0.1497,0.15,96.0
25.386,0.1499,0.15,96.0
25.39,0.1501,0.15,96.0
25.395,0.1502,0.15,96.0
25.4,0.1497,0.15,96.0
25.405,0.1496,0.15,96.0
25.41,0.1498,0.15,96.0
25.415,0.1491,0.15,96.0
25.419,0.1485,0.15,96.0
25.425,0.1481,0.15,96.0
25.43,0.1479,0.15,96.0
25.434,0.1485,0.15,96.0
25.439,0.149,0.15,96.0
25.444,0.1497,0.15,96.0
25.449,0.1499,0.15,96.0
25.454,0.1501,0.15,96.0
25.458,0.1493,0.15,96.0
25.464,0.149,0.15,96.0
25.468,0.1494,0.15,96.0
25.473,0.1497,0.15,96.0
25.478,0.1499,0.15,96.0
25.483,0.1501,0.15,96.0
25.488,0.1514,0.15,96.0
25.493,0.1502,0.15,96.0
25.497,0.1503,0.15,96.0
25.503,0.1504,0.15,96.0
25.508,0.1516,0.15,96.0
25.512,0.1515,0.15,96.0
25.517,0.1503,0.15,96.0
25.522,0.1509,0.15,96.0
25.527,0.152,0.15,96.0
25.532,0.1516,0.15,96.0
25.536,0.1505,0.15,96.0
25.542,0.1517,0.15,96.0
25.546,0.1514,0.15,96.0
25.551,0.1512,0.15,96.0
25.556,0.151,0.15,96.0
25.561,0.15,0.15,96.0
25.566,0.1504,0.15,96.0
25.571,0.1504,0.15,96.0
25.576,0.1505,0.15,96.0
25.581,0.1505,0.15,96.0
25.586,0.1503,0.15,96.0
25.59,0.1494,0.15,96.0
25.595,0.1497,0.15,96.0
25.6,0.1511,0.15,96.0
25.605,0.1508,0.15,96.0
25.61,0.1498,0.15,96.0
25.615,0.1511,0.15,96.0
25.619,0.1504,0.15,96.0
25.625,0.1498,0.15,96.0
25.629,0.1491,0.15,96.0
25.634,0.1494,0.15,96.0
25.639,0.1488,0.15,96.0
25.644,0.1484,0.15,96.0
25.649,0.1489,0.15,96.0
25.654,0.1484,0.15,96.0
25.658,0.1489,0.15,96.0
25.663,0.1484,0.15,96.0
25.668,0.1501,0.15,96.0
25.673,0.1493,0.15,96.0
25.678,0.1489,0.15,96.0
25.682,0.1486,0.15,96.0
25.688,0.1492,0.15,96.0
25.693,0.1495,0.15,96.0
25.697,0.1498,0.15,96.0
25.702,0.1501,0.15,96.0
25.707,0.1504,0.15,96.0
25.712,0.1496,0.15,96.0
25.717,0.1499,0.15,96.0
25.722,0.15,0.15,96.0
25.727,0.1502,0.15,96.0
25.731,0.1505,0.15,96.0
25.737,0.1517,0.15,96.0
25.741,0.1506,0.15,96.0
25.746,0.1506,0.15,96.0
25.751,0.1496,0.15,96.0
25.756,0.1489,0.15,96.0
25.761,0.1493,0.15,96.0
25.766,0.1481,0.15,96.0
25.771,0.1487,0.15,96.0
25.776,0.1482,0.15,96.0
25.78,0.1488,0.15,96.0
25.785,0.1486,0.15,96.0
25.79,0.1491,0.15,96.0
25.795,0.1485,0.15,96.0
25.8,0.1481,0.15,96.0
25.805,0.1488,0.15,96.0
25.809,0.1486,0.15,96.0
25.814,0.1491,0.15,96.0
25.819,0.1485,0.15,96.0
25.824,0.1484,0.15,96.0
25.828,0.1482,0.15,96.0
25.834,0.1489,0.15,96.0
25.839,0.1483,0.15,96.0
25.843,0.1483,0.15,96.0
25.848,0.1489,0.15,96.0
25.853,0.1493,0.15,96.0
25.858,0.1496,0.15,96.0
25.863,0.1489,0.15,96.0
25.868,0.1493,0.15,96.0
25.872,0.1508,0.15,96.0
25.877,0.1507,0.15,96.0
25.882,0.1507,0.15,96.0
25.887,0.1497,0.15,96.0
25.892,0.1499,0.15,96.0
25.897,0.1501,0.15,96.0
25.901,0.1492,0.15,96.0
25.907,0.1488,0.15,96.0
25.911,0.1493,0.15,96.0
25.916,0.1486,0.15,96.0
25.921,0.1492,0.15,96.0
25.926,0.1497,0.15,96.0
25.931,0.149,0.15,96.0
25.936,0.1505,0.15,96.0
25.941,0.1505,0.15,96.0
25.946,0.1499,0.15,96.0
25.95,0.1501,0.15,96.0
25.956,0.1502,0.15,96.0
25.96,0.1503,0.15,96.0
25.965,0.1497,0.15,96.0
25.97,0.1499,0.15,96.0
25.975,0.15,0.15,96.0
25.98,0.1502,0.15,96.0
25.984,0.1503,0.15,96.0
25.989,0.1504,0.15,96.0
25.994,0.1496,0.15,96.0
25.999,0.1499,0.15,96.0
26.004,0.1494,0.15,96.0
26.009,0.1497,0.15,96.0
26.014,0.1491,0.15,96.0
26.019,0.1485,0.15,96.0
26.023,0.1484,0.15,96.0
26.028,0.148,0.15,96.0
26.033,0.1479,0.15,96.0
26.038,0.1487,0.15,96.0
26.043,0.1492,0.15,96.0
26.048,0.1486,0.15,96.0
26.053,0.1481,0.15,96.0
26.057,0.1478,0.15,96.0
26.062,0.1474,0.15,96.0
26.068,0.1473,0.15,96.0
26.072,0.1471,0.15,96.0
26.077,0.1482,0.15,96.0
26.082,0.1478,0.15,96.0
26.087,0.1485,0.15,96.0
26.092,0.1481,0.15,96.0
26.097,0.1487,0.15,96.0
26.101,0.1482,0.15,96.0
26.106,0.15,0.15,96.0
26.111,0.1492,0.15,96.0
26.116,0.1488,0.15,96.0
26.121,0.1483,0.15,96.0
26.126,0.1484,0.15,96.0
26.131,0.148,0.15,96.0
26.135,0.1498,0.15,96.0
26.14,0.15,0.15,96.0
26.145,0.1507,0.15,96.0
26.15,0.1507,0.15,96.0
26.155,0.1509,0.15,96.0
26.16,0.1508,0.15,96.0
26.165,0.1507,0.15,96.0
26.169,0.1507,0.15,96.0
26.174,0.1507,0.15,96.0
26.18,0.1507,0.15,96.0
26.184,0.1502,0.15,96.0
26.189,0.1493,0.15,96.0
26.194,0.1486,0.15,96.0
26.199,0.1493,0.15,96.0
26.203,0.1487,0.15,96.0
26.209,0.1503,0.15,96.0
26.214,0.1494,0.15,96.0
26.218,0.1488,0.15,96.0
26.223,0.1491,0.15,96.0
26.228,0.1495,0.15,96.0
26.233,0.1498,0.15,96.0
26.238,0.15,0.15,96.0
26.243,0.1496,0.15,96.0
26.248,0.1498,0.15,96.0
26.252,0.149,0.15,96.0
26.257,0.1503,0.15,96.0
26.262,0.1504,0.15,96.0
26.267,0.1505,0.15,96.0
26.272,0.1507,0.15,96.0
26.277,0.15,0.15,96.0
26.281,0.1501,0.15,96.0
26.286,0.1492,0.15,96.0
26.291,0.1498,0.15,96.0
26.296,0.15,0.15,96.0
26.301,0.1492,0.15,96.0
26.306,0.1489,0.15,96.0
26.311,0.1493,0.15,96.0
26.316,0.1486,0.15,96.0
26.321,0.1491,0.15,96.0
26.326,0.148,0.15,96.0
26.33,0.1499,0.15,96.0
26.335,0.1492,0.15,96.0
26.34,0.1495,0.15,96.0
26.345,0.1498,0.15,96.0
26.35,0.1512,0.15,96.0
26.355,0.151,0.15,96.0
26.36,0.1509,0.15,96.0
26.365,0.1502,0.15,96.0
26.369,0.1494,0.15,96.0
26.374,0.1487,0.15,96.0
26.379,0.1484,0.15,96.0
26.384,0.1474,0.15,96.0
26.389,0.1481,0.15,96.0
26.394,0.1478,0.15,96.0
26.399,0.1475,0.15,96.0
26.403,0.1474,0.15,96.0
26.408,0.1482,0.15,96.0
26.413,0.1478,0.15,96.0
26.418,0.1476,0.15,96.0
26.423,0.1475,0.15,96.0
26.428,0.1474,0.15,96.0
26.432,0.1482,0.15,96.0
26.437,0.1488,0.15,96.0
26.442,0.1492,0.15,96.0
26.447,0.1486,0.15,96.0
26.452,0.1482,0.15,96.0
26.457,0.1487,0.15,96.0
26.462,0.1492,0.15,96.0
26.467,0.1496,0.15,96.0
26.471,0.1498,0.15,96.0
26.476,0.149,0.15,96.0
26.481,0.1494,0.15,96.0
26.486,0.1493,0.15,96.0
26.491,0.1497,0.15,96.0
26.496,0.1499,0.15,96.0
26.501,0.1501,0.15,96.0
26.506,0.1498,0.15,96.0
26.511,0.1491,0.15,96.0
26.515,0.1485,0.15,96.0
26.52,0.1481,0.15,96.0
26.525,0.1482,0.15,96.0
26.53,0.1489,0.15,96.0
26.534,0.1483,0.15,96.0
26.54,0.1479,0.15,96.0
26.544,0.1476,0.15,96.0
26.549,0.1484,0.15,96.0
26.554,0.1479,0.15,96.0
26.559,0.1486,0.15,96.0
26.564,0.1491,0.15,96.0
26.569,0.1497,0.15,96.0
26.574,0.1489,0.15,96.0
26.578,0.1484,0.15,96.0
26.583,0.1479,0.15,96.0
26.588,0.1486,0.15,96.0
26.593,0.1481,0.15,96.0
26.598,0.1488,0.15,96.0
26.603,0.1476,0.15,96.0
26.608,0.1476,0.15,96.0
26.612,0.1483,0.15,96.0
26.617,0.1489,0.15,96.0
26.622,0.1493,0.15,96.0
26.627,0.1486,0.15,96.0
26.632,0.1502,0.15,96.0
26.637,0.1493,0.15,96.0
26.642,0.1487,0.15,96.0
26.646,0.1494,0.15,96.0
26.651,0.1508,0.15,96.0
26.656,0.1508,0.15,96.0
26.661,0.1519,0.15,96.0
26.666,0.1509,0.15,96.0
26.671,0.1508,0.15,96.0
26.676,0.1507,0.15,96.0
26.681,0.1509,0.15,96.0
26.686,0.1502,0.15,96.0
26.691,0.1514,0.15,96.0
26.695,0.1503,0.15,96.0
26.7,0.1506,0.15,96.0
26.705,0.1506,0.15,96.0
26.71,0.1518,0.15,96.0
26.715,0.1515,0.15,96.0
26.719,0.1513,0.15,96.0
26.725,0.1504,0.15,96.0
26.729,0.1498,0.15,96.0
26.734,0.15,0.15,96.0
26.739,0.1502,0.15,96.0
26.744,0.1505,0.15,96.0
26.749,0.1496,0.15,96.0
26.754,0.1489,0.15,96.0
26.758,0.1483,0.15,96.0
26.763,0.1482,0.15,96.0
26.768,0.1488,0.15,96.0
26.773,0.1504,0.15,96.0
26.778,0.1505,0.15,96.0
26.783,0.1507,0.15,96.0
26.788,0.1519,0.15,96.0
26.793,0.1515,0.15,96.0
26.798,0.1513,0.15,96.0
26.803,0.1503,0.15,96.0
26.807,0.1504,0.15,96.0
26.812,0.1516,0.15,96.0
26.817,0.1513,0.15,96.0
26.822,0.1512,0.15,96.0
26.827,0.1501,0.15,96.0
26.832,0.1493,0.15,96.0
26.836,0.1496,0.15,96.0
26.842,0.1489,0.15,96.0
26.846,0.1487,0.15,96.0
26.851,0.1492,0.15,96.0
26.856,0.1495,0.15,96.0
26.861,0.1488,0.15,96.0
26.866,0.1486,0.15,96.0
26.87,0.1491,0.15,96.0
26.875,0.1494,0.15,96.0
26.881,0.1488,0.15,96.0
26.885,0.1484,0.15,96.0
26.89,0.148,0.15,96.0
26.895,0.1477,0.15,96.0
26.9,0.1484,0.15,96.0
26.905,0.1483,0.15,96.0
26.91,0.1489,0.15,96.0
26.915,0.1493,0.15,96.0
26.919,0.1496,0.15,96.0
26.924,0.1496,0.15,96.0
26.929,0.1499,0.15,96.0
26.934,0.15,0.15,96.0
26.939,0.1514,0.15,96.0
26.943,0.1512,0.15,96.0
26.949,0.151,0.15,96.0
26.953,0.1509,0.15,96.0
26.958,0.1511,0.15,96.0
26.963,0.1499,0.15,96.0
26.968,0.1491,0.15,96.0
26.973,0.1485,0.15,96.0
26.978,0.1493,0.15,96.0
26.983,0.1496,0.15,96.0
26.988,0.1489,0.15,96.0
26.992,0.1483,0.15,96.0
26.997,0.1479,0.15,96.0
27.002,0.1485,0.15,96.0
27.007,0.149,0.15,96.0
27.012,0.1494,0.15,96.0
27.017,0.149,0.15,96.0
27.022,0.1497,0.15,96.0
27.026,0.1495,0.15,96.0
27.031,0.1497,0.15,96.0
27.036,0.15,0.15,96.0
27.041,0.1492,0.15,96.0
27.046,0.1486,0.15,96.0
27.051,0.1491,0.15,96.0
27.055,0.1487,0.15,96.0
27.06,0.1482,0.15,96.0
27.066,0.1496,0.15,96.0
27.07,0.1499,0.15,96.0
27.075,0.15,0.15,96.0
27.08,0.1514,0.15,96.0
27.085,0.1505,0.15,96.0
27.09,0.1517,0.15,96.0
27.094,0.1504,0.15,96.0
27.099,0.1516,0.15,96.0
27.104,0.1507,0.15,96.0
27.109,0.1507,0.15,96.0
27.114,0.1507,0.15,96.0
27.119,0.1498,0.15,96.0
27.124,0.1493,0.15,96.0
27.129,0.1496,0.15,96.0
27.134,0.1499,0.15,96.0
27.139,0.149,0.15,96.0
27.143,0.149,0.15,96.0
27.148,0.1494,0.15,96.0
27.153,0.1497,0.15,96.0
27.158,0.1499,0.15,96.0
27.163,0.1491,0.15,96.0
27.168,0.1495,0.15,96.0
27.173,0.1488,0.15,96.0
27.177,0.1493,0.15,96.0
27.182,0.1486,0.15,96.0
27.187,0.1483,0.15,96.0
27.192,0.148,0.15,96.0
27.197,0.1498,0.15,96.0
27.201,0.149,0.15,96.0
27.207,0.1499,0.15,96.0
27.211,0.15,0.15,96.0
27.216,0.1502,0.15,96.0
27.221,0.1502,0.15,96.0
27.226,0.1491,0.15,96.0
27.231,0.1495,0.15,96.0
27.236,0.1498,0.15,96.0
27.241,0.149,0.15,96.0
27.246,0.1494,0.15,96.0
27.25,0.1489,0.15,96.0
27.255,0.1485,0.15,96.0
27.26,0.149,0.15,96.0
27.265,0.1499,0.15,96.0
27.27,0.1501,0.15,96.0
27.275,0.1492,0.15,96.0
27.28,0.1496,0.15,96.0
27.285,0.1491,0.15,96.0
27.289,0.1485,0.15,96.0
27.294,0.1491,0.15,96.0
27.299,0.1495,0.15,96.0
27.304,0.1491,0.15,96.0
27.309,0.1495,0.15,96.0
27.314,0.1488,0.15,96.0
27.319,0.1482,0.15,96.0
27.323,0.1478,0.15,96.0
27.328,0.1488,0.15,96.0
27.333,0.1493,0.15,96.0
27.338,0.1487,0.15,96.0
27.343,0.1491,0.15,96.0
27.348,0.1498,0.15,96.0
27.353,0.15,0.15,96.0
27.357,0.1501,0.15,96.0
27.363,0.1492,0.15,96.0
27.367,0.1487,0.15,96.0
27.372,0.1492,0.15,96.0
27.377,0.1485,0.15,96.0
27.382,0.1481,0.15,96.0
27.387,0.1474,0.15,96.0
27.392,0.1482,0.15,96.0
27.397,0.149,0.15,96.0
27.401,0.1484,0.15,96.0
27.406,0.1484,0.15,96.0
27.411,0.148,0.15,96.0
27.416,0.1477,0.15,96.0
27.421,0.1475,0.15,96.0
27.426,0.1476,0.15,96.0
27.431,0.1474,0.15,96.0
27.435,0.1482,0.15,96.0
27.44,0.1488,0.15,96.0
27.445,0.1486,0.15,96.0
27.45,0.1481,0.15,96.0
27.455,0.1477,0.15,96.0
27.459,0.1484,0.15,96.0
27.465,0.1491,0.15,96.0
27.469,0.1494,0.15,96.0
27.474,0.1497,0.15,96.0
27.479,0.149,0.15,96.0
27.484,0.1484,0.15,96.0
27.489,0.1489,0.15,96.0
27.494,0.1484,0.15,96.0
27.499,0.1501,0.15,96.0
27.503,0.1496,0.15,96.0
27.509,0.1501,0.15,96.0
27.513,0.1493,0.15,96.0
27.518,0.1487,0.15,96.0
27.523,0.1482,0.15,96.0
27.528,0.15,0.15,96.0
27.533,0.1501,0.15,96.0
27.538,0.1502,0.15,96.0
27.543,0.1515,0.15,96.0
27.547,0.1503,0.15,96.0
27.553,0.1494,0.15,96.0
27.557,0.1497,0.15,96.0
27.562,0.1499,0.15,96.0
27.567,0.1491,0.15,96.0
27.572,0.1485,0.15,96.0
27.577,0.149,0.15,96.0
27.581,0.1486,0.15,96.0
27.586,0.1487,0.15,96.0
27.591,0.1492,0.15,96.0
27.596,0.1485,0.15,96.0
27.601,0.1491,0.15,96.0
27.606,0.1485,0.15,96.0
27.611,0.149,0.15,96.0
27.616,0.1494,0.15,96.0
27.621,0.1497,0.15,96.0
27.626,0.1493,0.15,96.0
27.631,0.1486,0.15,96.0
27.635,0.1494,0.15,96.0
27.64,0.1509,0.15,96.0
27.645,0.1501,0.15,96.0
27.65,0.1493,0.15,96.0
27.655,0.1489,0.15,96.0
27.66,0.1493,0.15,96.0
27.665,0.1487,0.15,96.0
27.669,0.1492,0.15,96.0
27.674,0.1485,0.15,96.0
27.679,0.149,0.15,96.0
27.684,0.1499,0.15,96.0
27.689,0.1501,0.15,96.0
27.694,0.1502,0.15,96.0
27.699,0.1515,0.15,96.0
27.704,0.1502,0.15,96.0
27.708,0.1494,0.15,96.0
27.714,0.1497,0.15,96.0
27.719,0.1489,0.15,96.0
27.723,0.1484,0.15,96.0
27.728,0.1501,0.15,96.0
27.733,0.1493,0.15,96.0
27.738,0.1507,0.15,96.0
27.743,0.1497,0.15,96.0
27.748,0.1492,0.15,96.0
27.753,0.1485,0.15,96.0
27.758,0.148,0.15,96.0
27.762,0.1477,0.15,96.0
27.767,0.1478,0.15,96.0
27.772,0.1487,0.15,96.0
27.777,0.1482,0.15,96.0
27.782,0.1488,0.15,96.0
27.786,0.1483,0.15,96.0
27.792,0.1491,0.15,96.0
27.797,0.1495,0.15,96.0
27.801,0.1497,0.15,96.0
27.806,0.1499,0.15,96.0
27.811,0.1501,0.15,96.0
27.816,0.1504,0.15,96.0
27.821,0.1505,0.15,96.0
27.826,0.1489,0.15,96.0
27.831,0.1485,0.15,96.0
27.836,0.1493,0.15,96.0
27.84,0.1496,0.15,96.0
27.845,0.1503,0.15,96.0
27.85,0.1498,0.15,96.0
27.855,0.15,0.15,96.0
27.86,0.1501,0.15,96.0
27.865,0.1514,0.15,96.0
27.87,0.1512,0.15,96.0
27.875,0.1503,0.15,96.0
27.879,0.1516,0.15,96.0
27.884,0.1507,0.15,96.0
27.889,0.1506,0.15,96.0
27.894,0.1518,0.15,96.0
27.899,0.1505,0.15,96.0
27.904,0.1499,0.15,96.0
27.909,0.15,0.15,96.0
27.913,0.1502,0.15,96.0
27.918,0.1505,0.15,96.0
27.923,0.1505,0.15,96.0
27.928,0.1507,0.15,96.0
27.933,0.1507,0.15,96.0
27.938,0.1518,0.15,96.0
27.943,0.1518,0.15,96.0
27.948,0.1515,0.15,96.0
27.953,0.1503,0.15,96.0
27.958,0.1503,0.15,96.0
27.963,0.1504,0.15,96.0
27.967,0.1495,0.15,96.0
27.972,0.149,0.15,96.0
27.977,0.1494,0.15,96.0
27.982,0.1497,0.15,96.0
27.987,0.1483,0.15,96.0
27.991,0.1479,0.15,96.0
27.997,0.1485,0.15,96.0
28.002,0.149,0.15,96.0
28.006,0.1484,0.15,96.0
28.011,0.149,0.15,96.0
28.016,0.1488,0.15,96.0
28.021,0.1492,0.15,96.0
28.025,0.1479,0.15,96.0
28.031,0.1486,0.15,96.0
28.036,0.1491,0.15,96.0
28.04,0.1494,0.15,96.0
28.045,0.1481,0.15,96.0
28.05,0.1478,0.15,96.0
28.055,0.1485,0.15,96.0
28.06,0.148,0.15,96.0
28.065,0.1488,0.15,96.0
28.07,0.1492,0.15,96.0
28.075,0.1507,0.15,96.0
28.08,0.1507,0.15,96.0
28.084,0.1502,0.15,96.0
28.089,0.1496,0.15,96.0
28.094,0.1498,0.15,96.0
28.099,0.15,0.15,96.0
28.104,0.1501,0.15,96.0
28.109,0.1505,0.15,96.0
28.114,0.1517,0.15,96.0
28.118,0.1505,0.15,96.0
28.124,0.1505,0.15,96.0
28.128,0.1505,0.15,96.0
28.133,0.1497,0.15,96.0
28.138,0.1491,0.15,96.0
28.143,0.1485,0.15,96.0
28.148,0.149,0.15,96.0
28.153,0.1496,0.15,96.0
28.157,0.1491,0.15,96.0
28.162,0.1495,0.15,96.0
28.167,0.1482,0.15,96.0
28.172,0.1488,0.15,96.0
28.177,0.1484,0.15,96.0
28.182,0.1492,0.15,96.0
28.187,0.1486,0.15,96.0
28.192,0.1502,0.15,96.0
28.196,0.1504,0.15,96.0
28.201,0.1504,0.15,96.0
28.206,0.1495,0.15,96.0
28.211,0.1498,0.15,96.0
28.216,0.1492,0.15,96.0
28.221,0.1495,0.15,96.0
28.226,0.1491,0.15,96.0
28.23,0.1495,0.15,96.0
28.236,0.1498,0.15,96.0
28.24,0.15,0.15,96.0
28.245,0.1513,0.15,96.0
28.25,0.1512,0.15,96.0
28.255,0.1501,0.15,96.0
28.26,0.1492,0.15,96.0
28.265,0.1491,0.15,96.0
28.27,0.1495,0.15,96.0
28.274,0.1488,0.15,96.0
28.279,0.1482,0.15,96.0
28.284,0.1491,0.15,96.0
28.289,0.1496,0.15,96.0
28.294,0.1499,0.15,96.0
28.299,0.1493,0.15,96.0
28.304,0.1489,0.15,96.0
28.308,0.1505,0.15,96.0
28.314,0.1497,0.15,96.0
28.318,0.1499,0.15,96.0
28.323,0.1501,0.15,96.0
28.328,0.1502,0.15,96.0
28.333,0.1503,0.15,96.0
28.338,0.1494,0.15,96.0
28.342,0.1497,0.15,96.0
28.347,0.1501,0.15,96.0
28.352,0.1503,0.15,96.0
28.357,0.1503,0.15,96.0
28.362,0.1504,0.15,96.0
28.367,0.1498,0.15,96.0
28.372,0.15,0.15,96.0
28.376,0.1501,0.15,96.0
28.382,0.1502,0.15,96.0
28.387,0.1505,0.15,96.0
28.391,0.1507,0.15,96.0
28.396,0.1506,0.15,96.0
28.401,0.1498,0.15,96.0
28.406,0.1493,0.15,96.0
28.411,0.149,0.15,96.0
28.416,0.1496,0.15,96.0
28.421,0.1498,0.15,96.0
28.426,0.1494,0.15,96.0
28.431,0.1497,0.15,96.0
28.435,0.1499,0.15,96.0
28.44,0.1493,0.15,96.0
28.445,0.1486,0.15,96.0
28.45,0.1484,0.15,96.0
28.455,0.1489,0.15,96.0
28.46,0.1486,0.15,96.0
28.465,0.1481,0.15,96.0
28.469,0.1479,0.15,96.0
28.474,0.1486,0.15,96.0
28.479,0.1491,0.15,96.0
28.484,0.1497,0.15,96.0
28.489,0.1499,0.15,96.0
28.493,0.1501,0.15,96.0
28.498,0.1494,0.15,96.0
28.504,0.1498,0.15,96.0
28.508,0.1499,0.15,96.0
28.513,0.1501,0.15,96.0
28.518,0.1502,0.15,96.0
28.523,0.1503,0.15,96.0
28.528,0.1504,0.15,96.0
28.533,0.1507,0.15,96.0
28.538,0.1497,0.15,96.0
28.543,0.1499,0.15,96.0
28.547,0.1487,0.15,96.0
28.552,0.1494,0.15,96.0
28.557,0.1497,0.15,96.0
28.562,0.15,0.15,96.0
28.567,0.1509,0.15,96.0
28.572,0.1508,0.15,96.0
28.577,0.1508,0.15,96.0
28.582,0.1497,0.15,96.0
28.586,0.1501,0.15,96.0
28.591,0.1493,0.15,96.0
28.596,0.1486,0.15,96.0
28.601,0.1491,0.15,96.0
28.606,0.1489,0.15,96.0
28.611,0.1493,0.15,96.0
28.616,0.1496,0.15,96.0
28.62,0.1498,0.15,96.0
28.625,0.1501,0.15,96.0
28.63,0.1502,0.15,96.0
28.635,0.1503,0.15,96.0
28.64,0.1496,0.15,96.0
28.645,0.1492,0.15,96.0
28.65,0.1507,0.15,96.0
28.655,0.1506,0.15,96.0
28.66,0.1507,0.15,96.0
28.665,0.15,0.15,96.0
28.669,0.1501,0.15,96.0
28.674,0.1502,0.15,96.0
28.679,0.1496,0.15,96.0
28.684,0.1498,0.15,96.0
28.689,0.15,0.15,96.0
28.694,0.1502,0.15,96.0
28.699,0.1515,0.15,96.0
28.703,0.1502,0.15,96.0
28.708,0.1496,0.15,96.0
28.713,0.1498,0.15,96.0
28.718,0.1491,0.15,96.0
28.723,0.1485,0.15,96.0
28.728,0.148,0.15,96.0
28.733,0.1477,0.15,96.0
28.737,0.1484,0.15,96.0
28.742,0.149,0.15,96.0
28.747,0.1487,0.15,96.0
28.752,0.1492,0.15,96.0
28.757,0.1486,0.15,96.0
28.762,0.1491,0.15,96.0
28.767,0.1484,0.15,96.0
28.771,0.149,0.15,96.0
28.776,0.1494,0.15,96.0
28.781,0.1487,0.15,96.0
28.786,0.1485,0.15,96.0
28.791,0.1481,0.15,96.0
28.796,0.1487,0.15,96.0
28.8,0.1492,0.15,96.0
28.806,0.1495,0.15,96.0
28.811,0.1499,0.15,96.0
28.815,0.1501,0.15,96.0
28.82,0.1502,0.15,96.0
28.825,0.1505,0.15,96.0
28.83,0.1496,0.15,96.0
28.835,0.1498,0.15,96.0
28.84,0.1492,0.15,96.0
28.845,0.1489,0.15,96.0
28.85,0.1493,0.15,96.0
28.854,0.1496,0.15,96.0
28.859,0.1499,0.15,96.0
28.864,0.15,0.15,96.0
28.869,0.1502,0.15,96.0
28.874,0.1503,0.15,96.0
28.879,0.1504,0.15,96.0
28.884,0.1504,0.15,96.0
28.889,0.1496,0.15,96.0
28.893,0.1488,0.15,96.0
28.898,0.1484,0.15,96.0
28.903,0.1489,0.15,96.0
